sha,model,source
0039167444fd15a1c84af05c756f1d03fed6d14f,GLM 5.3,opencode-subject
017d96d8c6bdb8e89c166ab428086f63faf32465,GLM 5.3,opencode-subject
020daa93ef5856881ffd43442b9e84ad6cd38677,GLM 5.3,opencode-sha
07f6cbdc5c698798c993973e421edb3292965f00,GLM 5.3,opencode-subject
09239b66ea9eadfae7c985813edf4f057ace87e8,GLM 5.3,opencode-subject
0bd934734834687d2d43f2892c0474837f4567ae,GLM 5.3,opencode-subject
0c2d2b11c7b022b86998839bf157a1ac15f91675,GLM 5.3 Flash,opencode-sha
0c5f23e1734e6233197740013d06510d2ea7d2fa,GLM 5.3,opencode-subject
11be9814410156d74051cef9b27b70c77ee0c7bd,GLM 5.3,opencode-subject
12890ddd980171196d3331f01a0d5186ae0312ab,GLM 5.3,opencode-subject
137025563688fbb87362fbb35999dd4a44d52ce7,GLM 5.3,opencode-subject
1522e511c6e0e07f51d52734c4684bdf729ac87a,GLM 5.3,opencode-sha
1582630b0b917cb8d6566f9d3b9f143648ffc112,GLM 5.3,opencode-subject
16b150bf77cba622fa2ef3668e1abb612b8be4d7,GLM 5.3,opencode-subject
17bef65b1c30ef4cb7fd9f9c9a6c9540fd2aede9,GLM 5.3,opencode-subject
17cadce7da2b767d62c95f36135cd617c3a53386,GLM 5.3 Flash,opencode-subject
1a4c206aac410efa6ce8d9dcb00756741030d7ff,GLM 5.3,opencode-subject
1abde2798ca77aa199dc81ef9f81c0a5d52af969,GLM 5.3,opencode-subject
230e9accc05eb9eae910467a927f97e3d4764d05,GLM 5.3,opencode-subject
24879711520758f700e1acc6f1750b4ceaa76468,GLM 5.3,opencode-subject
2533877d2cc3069371bae0bdcbb35c9deef0df5b,GLM 5.3,opencode-subject
28b0167750561240bc086ae29282c19f27af3f88,GLM 5.3,opencode-subject
291bc1d7ed25d86c67fdbee4d96e8628a40eb64a,GLM 5.3,opencode-subject
2a02829375f6a55d92d271adfa3b4bcbcffd0b20,GLM 5.3,opencode-subject
2bd1d4f5ef52af2f804970d6ad63eab1949f89fe,GLM 5.3,opencode-subject
2d9f0a1667b415e496fc0ab31442433597e9b4de,GLM 5.3,opencode-subject
31c7935df3f1a16fa682e3731eae4c3e6c6e2bfa,GLM 5.3,opencode-sha
31db81f21683b59ce414b35c07967b30d7338c67,GLM 5.3,opencode-subject
3221ce931504c86530baa574342f468f3742591e,GLM 5.3,opencode-subject
32a9078f7155e725f0d6812dce1d9c406f1ab2a3,GLM 5.3 Flash,opencode-subject
3677f69d78e4340e899c01084a39bef68f3a8223,GLM 5.3,opencode-subject
3768468b70788a1e3592cc067883039cd9775b71,GLM 5.3,opencode-subject
3a77a1c15090f08436ac709f09c029fce78acaf6,GLM 5.3,opencode-subject
3c64d88786154e74f4cb04170fc8347d47fdbce9,GLM 5.3,opencode-subject
3f16ed9de08e4563b257c21a4fbb00122463c1a6,GLM 5.3,opencode-subject
3fb722bb588bd9f86f1ebb6c377ded5aa89c47c8,GLM 5.3,opencode-subject
402e122d358cb4de404bf6d1c34b0d9f22db9695,GLM 5.3,opencode-sha
404335b2ed2da683ef63e434d5878026ee16d7cd,GLM 5.3,opencode-subject
415ce355d3b79cde83c30aa75d6848c46ef6f481,GLM 5.3,opencode-sha
42158705e42eea9918daf29972c58f14093f3c52,GLM 5.3,opencode-subject
42ff7fc0f5be7f59371b1fe36092387ab3f45297,GLM 5.3,opencode-subject
45322a74a883de1053ade6900b471c197c8f32f2,GLM 5.3,opencode-subject
45d2d724f7f5227f09f7e132a2ef0e718dd5bd6e,GLM 5.3 Flash,opencode-subject
45dfa3d778acc3f59eb9e36ccee04b38ea3fa35c,GLM 5.3,opencode-subject
464575694f9514b9dd8d6172e6d8b12d4256b6af,GLM 5.3,opencode-subject
47f974ccdcb1a90689e683ebbc8311062da0a047,GLM 5.3,opencode-subject
53a06a9793d8c388d9161f7a3aa53bfe19ea378b,GLM 5.3 Flash,opencode-subject
5634e1bd227d3eb59a0f2178248eca7e8c662256,GLM 5.3,opencode-subject
5a79ae4958807ed25b32cc5b0f1f8c1d9409c0c8,GLM 5.3,opencode-subject
5cb05637c6b347aa99208dc89459383fdc142b78,GLM 5.3 Flash,opencode-sha
5d316dea27e59dd4d87b13f3bb26a8ede55cb120,GLM 5.3 Flash,opencode-subject
5d4c552c80bd37af37439db796cffcd3115c48dc,GLM 5.3,opencode-subject
5ea1dbd22d60596434e0fec924f36a67bf088218,GLM 5.3,opencode-subject
5f938c9ba06582aeb8df7d4c42bb4ea1d8a5c800,GLM 5.3,opencode-subject
624781c0bc584828858259b96df49fa23272f0ff,GLM 5.3,opencode-subject
62cd0042743272b15b353aedc6deb4bc65462405,GLM 5.3,opencode-subject
62e323843d392e7798a4930dc4562ccf151707aa,GLM 5.3,opencode-subject
6331baa4e8e76b2b453bf78c5e940a6d6a0eab10,GLM 5.3,opencode-subject
639681c37a62f8bcbff37b38ba1e50ba9e32a432,GLM 5.3,opencode-subject
6483d04fc9a214ea368984014efc9a7fadc5d172,GLM 5.3,opencode-sha
659986ce5c3b90486d433fb8388fab793c34abee,GLM 5.3 Flash,opencode-sha
65b58cf9aa2b8f82106ba15ec8f349a60d5bc628,GLM 5.3,opencode-sha
660e6a19125233f4e1c141c520bd3850caefec85,GLM 5.3,opencode-subject
6876081b6ef94826d7535b381166886bbf8a1684,GLM 5.3,opencode-subject
69facf290ddf59a0158d0e92a623149c9f276f9f,GLM 5.3,opencode-subject
6b0973c741f2a37ca6acd5fe76164a8dfa2fe1d2,GLM 5.3,opencode-sha
6dec0bf549430d236f4184b1f7ee40cc67dde827,GLM 5.3,opencode-subject
7180e4e39478d6805cfb2313bbfe7af54723113b,GLM 5.3,opencode-subject
759c77eb2d8ab5e3ffef06ef0f6664b03f1d667b,GLM 5.3,opencode-subject
75e6605cede1d4999c47f94b4f986acbb2636a92,GLM 5.3,opencode-subject
7680a27413f894b1e1badca23fc661dc990fb823,GLM 5.3 Flash,opencode-subject
79099f1b549f67d3566fa103587e3cd908f4839d,GLM 5.3,opencode-subject
797c1d4a375c38583d1dd256b47839e049527c61,GLM 5.3,opencode-subject
7a1d05ce37c2c222ffffa1a8f2227e255afe708f,GLM 5.3,opencode-subject
7ca1194dc4b3dc16161d7ad3717d3743ff555c75,GLM 5.3 Flash,opencode-sha
7d0a37c0e36a1331a5f28dea33fb8279331f768c,GLM 5.3,opencode-subject
7e18b486cf0f97c905c60732022f53014b3fa178,GLM 5.3,opencode-subject
7ef29d64eeaf07fbaa7d116afd4eb15fa253bd09,GLM 5.3,opencode-subject
7f407b2a2dbbd2abe76bacc82bf0e4209b360f04,GLM 5.3,opencode-subject
7f9650187ae3bc5bf21703098179c4c1a764a431,GLM 5.3,opencode-sha
80d441b29be45dab3e57a98e23015ac91f30197f,GLM 5.3,opencode-subject
8227363448ba33d66ef11831a82d4e3e57333270,GLM 5.3,opencode-subject
8323f6a487946d22edd685dc1e6eadcc65a13ba3,GLM 5.3,opencode-subject
8610b5b5e4f03723f78d77db2b5a54c789d1e8c1,GLM 5.3,opencode-subject
8610f3326c5adcc0d99ad748e697048fb836aa49,GLM 5.3,opencode-subject
87c8e18788da6560c604fc2fea32354c170f3648,GLM 5.3 Flash,opencode-subject
89002f484736cd72ed389319cc270e3ee3cbc16d,GLM 5.3,opencode-subject
8bc1a0945f5b8a94dff992ce8213d944c2b29078,GLM 5.3,opencode-subject
8cb3f0c86e435fbaa7f26c0a02e060142b25d63b,GLM 5.3,opencode-subject
8ff2ed9a621f5deed0c0325ead5e17a02046f00e,GLM 5.3,opencode-subject
9005dc6007e8a173e0ea68397f4603efe8f42af1,GLM 5.3,opencode-subject
9350114da103afdc3a74b4977e1b264bebb33110,GLM 5.3,opencode-subject
945079343606378eaecb5a02f05ae72b333f6211,GLM 5.3,opencode-sha
95eda9b07565d4d0c5048f04df0f9294546d34b6,GLM 5.3 Flash,opencode-sha
95f50abb119ab6ff4662091291442fe849070bd1,GLM 5.3,opencode-subject
9c855364f4b3c9714a5911c749bd8ca39d3e4c2e,GLM 5.3,opencode-subject
9cc5fc421b98590894fbb865e08d6c0e781f08f6,GLM 5.3,opencode-sha
9cd8c65b8f0ab64ba59a6e7adbbc093c3d7ab336,GLM 5.3,opencode-subject
9cfa6ebaa9c22ab5ad264e397332f08708d90b18,GLM 5.3,opencode-subject
9dfd0b732fc2c0d44fd12d1dca5e7a98e27cc6e4,GLM 5.3,opencode-subject
9f2a1ead2c0b55ae404cf3fda13ab26dda4ce6de,GLM 5.3,opencode-subject
a1e2eae479fd286ce3b3df6be9d4579eff11cefc,GLM 5.3,opencode-subject
a2ca221d39d019cdbbd42a4cb88cf5a97b8558de,GLM 5.3,opencode-subject
a3824de1639b21adab5a86b20788b9b29a8af99b,GLM 5.3,opencode-subject
a3cc5fea952bd24549cf7dbdb3dc4e9b47776c08,GLM 5.3,opencode-subject
a460f4e45492c297b78e0bc64ab8f9e950873676,GLM 5.3 Flash,opencode-subject
a4f2e98fd0b9421ff50a5c7a03fd23b11b724647,GLM 5.3,opencode-subject
a6a32a14163b49cf8fdfe0e73a3bc875d9ba9d33,GLM 5.3,opencode-sha
a6fdf1093cf6b7d21e8725a8078a2478efc80e76,GLM 5.3,opencode-subject
ab028f0c184ab4409c06e4b015caddd0464ad010,GLM 5.3,opencode-subject
ab0d956226b0204fee462bc6e9ba3531a3789530,GLM 5.3,opencode-subject
ad813001b55673c9ffa350c97db3c130742420f4,GLM 5.3 Flash,opencode-subject
baa513ef99a283a246464508c518ced20a2d6b31,GLM 5.3,opencode-subject
bdc7cba75d95c2ec1b3881872733354ebe109ae5,GLM 5.3 Flash,opencode-sha
bdf3173132497ed121b8f87c4a30cb58547140a1,GLM 5.3,opencode-sha
c6e8e0c61ddbc6333aa0057b6bf3013abd566396,GLM 5.3,opencode-sha
c7091ac65090440792bf5ba9fb6366453b00bf16,GLM 5.3,opencode-subject
c89293b4b3e37b3d8f66fdfe431e1bf5de7bb907,GLM 5.3,opencode-sha
cd0615bf55dd2adafc2fb2b40e7f73871080111f,GLM 5.3 Flash,opencode-sha
d2be59796ad4ae45d4ef04331315bf68980f8c35,GLM 5.3,opencode-subject
d313983820674cd24b543e7da2c585d60b5d8a3e,GLM 5.3,opencode-subject
d50f506cadda32b169fe97f85be4abbd9cdbaffe,GLM 5.3,opencode-subject
d66d12d4e1a41e7cf69c76c9f6b30c8e02365750,GLM 5.3,opencode-subject
d7ac507686545b38935d7bc3b5bd20eb062938d5,GLM 5.3,opencode-subject
d981070be3799caa1a010c2241dc67fd2a3464fa,GLM 5.3 Flash,opencode-sha
de0d28dac10bdd38f95303e2deb3692c36f4b29b,GLM 5.3,opencode-subject
df01ddd7a1b80a9dc0124c4653c0f47f1360d259,GLM 5.3,opencode-subject
df97102caf6e9729a9f72588c1017889a23ad2b6,GLM 5.3,opencode-subject
dfdf9748843781eae3ddffbf8c85d44b4fab6853,GLM 5.3,opencode-sha
e070a28d17ec9914311c7c8d057aa9113207d40d,GLM 5.3,opencode-subject
e0a80ebf488ce2c6c7cbe07989a7655420c2d2dc,GLM 5.3,opencode-subject
e2b8e3323986ddf3f42847ceb5b50e0893e8b046,GLM 5.3,opencode-subject
e51c75ac60f83de540267c6e91e3a64196e11a57,GLM 5.3,opencode-subject
e5bc0a46546bbb09044f1cf5ab2d2770bce4485e,GLM 5.3,opencode-sha
e71007052e301f34bffa0926d722ed9d261a344a,GLM 5.3,opencode-subject
e7c4f02197fe7fcca9f6aa2d8a9e3667d1e96c4b,GLM 5.3,opencode-subject
ea4b9069fbe645ad71b0a2bd45a80ec83ac7ef87,GLM 5.3,opencode-subject
eec2ef03c280a67de78b4561cd50ca7b7bcb0edf,GLM 5.3,opencode-subject
eed01663ea4fe7cc6ee9259399b92db4be8e2458,GLM 5.3,opencode-subject
ef74add1461766192a6177285aaa6ff91bdbbbe8,GLM 5.3,opencode-sha
f0102266248468fb3e3c439ab965fe1c3885cc78,GLM 5.3,opencode-subject
f02efdbfb7441ceef729b27c5b30a63bc8809f7e,GLM 5.3,opencode-subject
f07e5ccbf4e41075a23b6785c2087725e8f5bf20,GLM 5.3,opencode-subject
f0a9ed16167ae21784fff07469b884e2fa891716,GLM 5.3,opencode-subject
f1361d25f1bf4f583fc594dd6cfdd76ecc7c86c3,GLM 5.3,opencode-subject
f3fc1a4177dbccc83a5a1edb56d3eb0885e0b52e,GLM 5.3,opencode-subject
f4066ed6e6c9cef239310c2a85ae4941fe059d56,GLM 5.3,opencode-subject
f66374d853009a7c51ce48cddc9884b3bff029d9,GLM 5.3,opencode-subject
f79f2d45aa620e4c5bbd38568b627d9d6197f7ab,GLM 5.3,opencode-subject
f84a1aefa23295fea62f696db4f7d2fcfe50d283,GLM 5.3,opencode-subject
fdaecc8e1be562dcfb373164867e7b2208bdfbb8,GLM 5.3,opencode-subject
fe8d3b941000cd5485258aaa78a862832e04e2e1,GLM 5.3,opencode-subject
