# Seconds each falsification record took to replay, build included, from the weekly
# sweep's transcript (`script/falsifications --record-times`). Read by `--plan-since`
# and `--shard` to balance verify.yml's re-falsify shards; a stale number only
# unbalances them. Generated: do not edit by hand.
# Seconds refreshed: 2026-10-07 (UTC), the median of 72 re-falsify shard logs from 24 CI runs, 37517334280 to 37566979972, by helpers/verify_times.py refresh
address_space_identifier::free_releases_exactly_its_own_asid	0.9
address_space_identifier::the_kernel_asid_is_never_allocated	0.7
address_space_identifier::two_live_asids_are_distinct	0.8
calendar::a_day_number_always_decodes_to_a_real_date	3.5
calendar::day_of_year_is_bounded_and_366_means_leap	21.4
calendar::each_day_sorts_after_the_one_before_it	24.2
calendar::every_format_is_ascii	50.1
calendar::every_real_date_survives_its_own_day_number	22.4
calendar::parse_is_total_on_hostile_bytes	40.2
calendar::rfc3339_output_parses_back_to_itself	34.1
calendar::the_calendar_algorithms_are_mutual_inverses	4.0
calendar::the_unix_format_fits_any_i64	2.1
calendar::unix_to_civil_and_back_is_the_identity	4.5
calendar::weekdays_advance_one_day_at_a_time	1.7
capability::a_deleted_capability_stays_deleted	1.9
capability::a_stranger_reveals_nothing_about_its_liveness	1.0
capability::a_survey_shows_exactly_the_endpoints_own_children	1.0
capability::delete_touches_only_its_slot	2.3
capability::derive_never_widens_rights	1.9
capability::from_bits_cannot_forge_a_right	0.4
capability::reap_is_permitted_only_to_the_supervising_rendezvous	1.6
capability::split_never_widens_rights	1.7
capability::subset_is_reflexive	0.4
capability::subset_is_transitive	0.4
capability::subset_matches_allows	1.0
capability::the_count_is_the_slots	2.6
capability::the_free_mask_is_the_empty_slots	3.9
capability::the_view_and_the_reap_have_the_same_scope	1.0
component_plan::a_missing_route_refuses_rather_than_falling_through_to_a_slot	5.5
component_plan::a_plan_never_grants_a_right_the_declaration_did_not_ask_for	4.2
component_plan::dependents_finds_exactly_the_non_target_instances_that_declared_it	2.4
component_plan::the_device_split_partitions_the_mappings	5.0
component_plan::too_many_live_instances_never_silently_truncates	1.8
components::push_never_writes_past_the_buffer_it_was_given	5.8
components::the_buffer_can_be_filled_exactly	1.6
credential_protocol::a_request_word_round_trips_every_field	0.4
credential_protocol::no_reply_word_but_match_ever_authenticates	0.4
credential_protocol::no_request_word_makes_the_parse_read_outside_the_page	1.5
designware_ethernet::a_delivered_frame_always_fits_the_buffer_and_the_room	0.5
designware_ethernet::every_ring_offset_is_inside_the_region	0.5
designware_mobile_storage::a_fifo_step_never_overruns_the_fifo_or_the_buffer	0.7
designware_mobile_storage::a_served_block_never_leaves_its_window	0.7
designware_mobile_storage::an_admitted_range_is_inside_the_card_and_the_address	0.6
designware_mobile_storage::the_scratch_range_never_touches_a_partition_or_sector_zero	2.0
device_tree_blob::align4_rounds_up_to_a_multiple_of_four	0.4
device_tree_blob::be32_is_total	1.6
device_tree_blob::be32_reads_big_endian_when_in_bounds	1.9
device_tree_blob::be64_is_total	1.6
direct_memory_access_validator::a_descriptor_mutated_after_validation_cannot_reach_the_device	126.3
direct_memory_access_validator::an_accepted_descriptor_is_confined	1.7
direct_memory_access_validator::an_oversized_batch_is_refused	0.5
direct_memory_access_validator::distinct_queues_occupy_disjoint_blocks	0.4
direct_memory_access_validator::in_region_is_sound	0.4
direct_memory_access_validator::the_outer_walk_stays_inside_the_rings_and_terminates	14.4
direct_memory_access_validator::validate_and_shadow_confines_every_chain	6.7
domain_name_system::tcp_reassembly_is_total_and_honest	22.4
domain_name_system::the_header_round_trips_on_every_value	2.7
domain_name_system::the_name_decoder_is_total_and_in_bounds	39.8
e1000e::a_delivered_frame_always_fits_the_buffer_and_the_room	0.5
e1000e::a_paged_access_selects_the_offsets_own_page_and_register	0.5
e1000e::every_ring_offset_is_inside_the_region	0.5
e1000e::the_handoff_round_trips_and_accepts_only_what_pack_can_make	1.7
elf::a_note_segment_is_read_inside_itself	9.5
elf::a_passing_check_has_no_address_overflow	0.4
elf::a_passing_check_yields_an_in_bounds_range	0.5
elf::a_passing_extent_is_inside_and_advances	0.7
elf::check_segment_bounds_never_panics	0.4
elf::note_extent_never_panics	0.5
elf::note_segments_from_a_head_never_panic	82.5
elf::page_range_is_panic_free_and_ordered	0.4
extensible_host_controller_interface::a_producer_ring_stays_in_bounds	1.7
extensible_host_controller_interface::the_handoff_round_trips	1.8
extensible_host_controller_interface::the_window_never_maps_a_withheld_page	17.1
filesystem_protocol::a_grandchild_is_bounded_by_the_root	1.6
filesystem_protocol::a_root_carries_nothing_undefined	0.4
filesystem_protocol::attenuate_never_widens	1.6
generational_table::a_bounded_walk_yields_every_live_entry	7.8
generational_table::a_name_the_table_never_minted_resolves_to_nothing	0.7
generational_table::a_removed_name_never_resolves_again	0.9
generational_table::live_names_are_distinct_and_resolve_to_their_own_entry	0.9
glob::a_negated_class_is_the_exact_complement_of_the_class	132.9
glob::matching_is_total	166.8
glob::no_magic_means_the_pattern_is_its_own_only_match	472.4
glob::star_matches_anything_and_question_matches_one_byte	3.0
glob::the_cost_never_exceeds_the_bound	119.1
glob::the_dot_rule_only_touches_names_that_start_with_a_dot	195.7
globally_unique_identifier_partition_table::a_guid_survives_printing_and_parsing	5.3
globally_unique_identifier_partition_table::a_guid_survives_the_on_disk_layout	1.8
globally_unique_identifier_partition_table::a_headers_fields_survive_the_round_trip	3.0
globally_unique_identifier_partition_table::a_single_byte_change_always_changes_the_crc	2.1
globally_unique_identifier_partition_table::an_entry_survives_the_round_trip	8.6
globally_unique_identifier_partition_table::crc32_matches_its_bitwise_definition	2.1
globally_unique_identifier_partition_table::create_never_lays_out_a_table_parse_would_reject	33.5
globally_unique_identifier_partition_table::overlap_is_exactly_sharing_a_block	1.2
globally_unique_identifier_partition_table::stamping_reserves_six_bits_and_keeps_the_other_hundred_and_twenty_two	2.8
globally_unique_identifier_partition_table::the_header_fields_partition_the_block	2.7
inter_process_communication::a_cancelled_or_rearmed_timer_never_fires_stale	0.5
inter_process_communication::a_collected_sender_is_forgotten	0.6
inter_process_communication::a_signal_loses_no_bit	0.5
inter_process_communication::a_wait_returns_a_nonzero_word_or_blocks	0.5
inter_process_communication::a_waiter_is_woken_before_the_bound_receiver	0.5
inter_process_communication::a_walk_fires_exactly_the_due_timers	5.5
inter_process_communication::every_operation_preserves_the_invariant	0.6
inter_process_communication::receive_drains_a_pending_signal_first	0.5
inter_process_communication::receive_preserves_the_invariant	0.5
inter_process_communication::recv_drains_a_pending_signal_first	0.5
inter_process_communication::recv_preserves_the_invariant	0.5
inter_process_communication::removing_a_waiter_preserves_the_invariant	0.7
inter_process_communication::send_preserves_the_invariant	0.5
inter_process_communication::send_rendezvous_iff_a_receiver_waited	0.6
inter_process_communication::the_cache_is_never_later_than_an_armed_deadline	2.6
intrusive_fifo::any_push_pop_interleaving_is_fifo_and_lossless	6.2
jh7110_entropy::a_lockup_bit_is_never_overridden	2.2
jh7110_entropy::an_unseeded_core_never_yields_bytes	2.1
jh7110_entropy::neither_bit_set_is_always_not_ready	2.1
jh7110_entropy::ready_requires_rand_rdy_and_carries_the_words_untouched	2.7
kernel::every_page_between_the_checked_ends_is_itself_a_user_page	7.5
kernel::no_device_can_reach_another_devices_context	5.0
kernel::no_stream_can_reach_another_streams_tables	4.8
kernel::the_iommu_is_handed_exactly_the_domain_the_kernel_built	4.9
kernel::the_run_end_is_exact_and_refuses_exactly_what_does_not_fit	3.7
kernel::the_smmu_is_handed_exactly_the_tables_the_kernel_built	3.8
machine_discovery::a_counter_width_is_widened_before_the_specifications_off_by_one_is_undone	2.4
machine_discovery::a_feature_is_never_reported_from_a_leaf_the_part_does_not_answer	4.2
machine_discovery::a_multi_letter_extension_is_never_read_as_a_privilege_letter	12.1
machine_discovery::a_range_read_out_of_the_memory_map_never_wraps_to_look_empty	3.6
machine_discovery::a_table_header_this_parser_accepts_always_has_a_body_length	1.9
machine_discovery::an_accepted_span_covers_every_pixel_the_geometry_describes	0.7
machine_discovery::an_ecam_windows_size_is_total_and_counts_one_mebibyte_per_bus	1.9
machine_discovery::an_encoded_token_never_exceeds_the_maximum_it_advertises	9.4
machine_discovery::an_rsdp_is_accepted_only_when_its_bytes_sum_to_zero	6.2
machine_discovery::every_hex_field_the_loader_writes_is_one_the_kernel_reads_back	455.4
machine_discovery::no_length_of_handoff_bytes_makes_the_decode_read_past_its_end	2.4
machine_discovery::no_override_writes_outside_the_sixteen_legacy_irqs	441.4
machine_discovery::the_dmar_fixed_part_decodes_without_arithmetic_overflow	1.8
machine_discovery::the_dmar_walk_terminates_and_stays_inside_the_body	9.4
machine_discovery::the_madt_walk_terminates_and_stays_inside_the_body	112.9
machine_discovery::the_root_tables_entry_count_and_its_entry_reader_agree	2.3
manifest_note::a_decoded_manifest_encodes_back_to_its_bytes	104.2
manifest_note::decode_never_panics	31.8
memory_regions::a_retyped_run_is_the_pages_asked_for_and_zero_is_one	0.5
memory_regions::coalescing_never_reclaims_a_held_page	0.4
memory_regions::destroy_never_frees_a_child_to_the_allocator	0.4
memory_regions::split_stays_within_budget_and_progresses	0.5
network_time_protocol::accepting_is_total_and_a_sample_is_coherent	1.0
network_time_protocol::an_unmatched_origin_is_always_rejected	0.9
network_time_protocol::decoding_any_wire_value_is_total	0.4
network_time_protocol::nanoseconds_survive_the_fixed_point	1.5
network_time_protocol::out_of_range_is_refused	1.0
network_time_protocol::parse_then_serialise_is_the_identity	2.5
network_time_protocol::the_era_pivot_is_exact_over_the_window	1.6
nifefs::a_short_image_is_refused_not_indexed	26.4
nifefs::the_validation_implies_reads_slice_is_in_bounds	1.6
non_volatile_memory_express::a_transfer_command_is_only_built_for_a_block_the_namespace_has	0.8
non_volatile_memory_express::an_accepted_handoff_keeps_its_doorbells_inside_the_mapped_page	0.8
non_volatile_memory_express::cq_pop_stays_in_bounds_and_flips_only_at_the_wrap	1.7
non_volatile_memory_express::distinct_doorbells_never_collide	0.4
non_volatile_memory_express::identify_parse_is_total_and_bounds_the_shift	1.9
non_volatile_memory_express::prp_pair_is_total_and_page_disciplined	1.8
non_volatile_memory_express::sq_push_stays_in_bounds	0.4
non_volatile_memory_express::the_spawn_handoff_round_trips	1.9
package_archive::a_parsed_package_reads_only_inside_itself	5.1
package_archive::a_short_file_is_refused	4.0
page_frames::an_allocated_frame_is_aligned_and_in_range	0.9
page_frames::bitmap_bytes_covers_every_frame	0.3
page_frames::containing_rounds_down_within_a_frame	0.4
page_frames::index_of_inverts_frame_addressing	0.4
page_frames::two_allocations_are_distinct	1.8
paging::a_block_keeps_address_and_permissions_apart	0.6
paging::a_chosen_leaf_is_aligned_and_inside_the_span	0.6
paging::a_grant_the_domain_cannot_express_is_refused	0.5
paging::a_page_index_below_the_count_always_resolves	0.5
paging::a_table_entry_is_never_a_block	0.4
paging::an_enumerated_page_lies_inside_the_grant	0.7
paging::distinct_pages_take_distinct_paths	0.5
paging::every_whole_page_of_the_grant_is_enumerated	0.7
paging::index_is_always_in_bounds	0.5
paging::no_amd_vi_device_table_entry_sets_a_reserved_bit	0.6
paging::no_encoded_leaf_is_both_writable_and_executable	0.5
paging::no_vtd_entry_ever_sets_a_reserved_bit	0.5
paging::the_chosen_leaf_is_the_largest_that_fits	0.5
paging::the_enumeration_is_injective	0.6
paging::the_grant_enumeration_is_total	0.5
paging::the_indices_and_offset_tile_the_address	0.5
paging::the_leaf_keeps_address_and_permissions_apart	0.5
paging::the_two_halves_are_disjoint	0.4
paging::the_user_va_gate_admits_only_the_aligned_low_half	0.5
pci::a_fresh_bus_queue_holds_the_root_and_nothing_else	0.6
pci::ecam_offset_stays_inside_the_window	0.4
pci::intx_irq_is_total_and_bounded	0.4
pci::read_bars_is_total_for_any_device	0.8
pci::the_bus_queue_stays_inside_its_array_on_any_firmware	1.0
pci::the_capability_walk_terminates_on_any_device	5.4
pci::the_msix_walk_terminates_and_bounds_its_table_size	4.2
pci::the_ranges_parse_is_total	4.3
subtree_scope::a_badge_once_bound_is_never_open_again	4.2
subtree_scope::a_badge_with_no_window_is_never_open	1.0
subtree_scope::a_bound_badge_reaches_only_its_own	0.4
subtree_scope::a_step_is_one_name	225.2
subtree_scope::a_walk_never_widens_follows_or_crosses	113.5
system_tests::seeded_syscalls_agree_with_the_shadow_model	21.3
timetable::a_fire_is_at_least_one_whole_period_on	1.0
timetable::a_fire_is_strictly_in_the_future	0.6
timetable::a_range_is_exactly_its_steps	5.6
timetable::a_stall_costs_one_fire_and_not_a_backlog	0.6
timetable::a_time_of_day_is_strictly_later_and_listed	14.6
timetable::a_time_of_day_skips_nothing	8.1
timetable::a_zero_period_is_never_due	1.7
timetable::an_nth_weekday_is_counted_from_its_month	1.5
timetable::nothing_on_the_beat_is_skipped_between_now_and_the_answer	0.6
timetable::the_first_and_last_weekdays_are_what_they_say	1.4
universally_unique_identifier::a_uuid_survives_printing_and_parsing	4.6
universally_unique_identifier::stamping_reserves_six_bits_and_keeps_the_other_hundred_and_twenty_two	2.2
usb::the_configuration_walk_is_total_and_accepts_only_an_interrupt_in	172.3
usb::the_header_parsers_are_total	1.6
usb::two_reports_produce_a_bounded_number_of_events	6.3
