week,files_over_2000,lines_share_over_2000_pct,largest_file,largest_file_lines,file_lines_p95,lines_share_over_1000_pct
2026W29,0,0.0,kernel/src/user.rs,1890,1098,26.7
2026W30,2,22.0,kernel/src/user.rs,3109,1206,31.4
2026W31,7,33.8,kernel/src/user.rs,15540,1289,48.4
2026W32,8,21.5,xtask/src/main.rs,4746,1376,41.1
2026W33,10,23.1,xtask/src/main.rs,6526,1353,43.2
2026W34,10,22.7,xtask/src/main.rs,8689,1485,47.6
2026W35,11,22.8,xtask/src/main.rs,9333,1492,47.6
2026W36,12,23.6,xtask/src/main.rs,11127,1476,47.9
2026W37,12,23.6,xtask/src/main.rs,11194,1489,47.9
2026W38,11,17.1,kernel/src/sched.rs,6513,1484,44.5
2026W39,16,20.8,kernel/src/sched.rs,7776,1452,46.7
2026W40,19,22.6,kernel/src/sched.rs,8066,1518,49.0
2026W41,19,21.0,kernel/src/sched.rs,8921,1484,48.1
