week,crate,breaking,additions,commits,commits_crossing
2026W29,abi,0,38,8,8
2026W29,elf,0,46,2,2
2026W29,nifefs,0,33,1,1
2026W30,abi,0,17,7,7
2026W30,elf,0,0,3,2
2026W30,nifefs,0,0,1,1
2026W31,abi,1,8,10,10
2026W31,byte_sink_protocol,0,38,3,3
2026W31,clock_protocol,0,49,3,2
2026W31,compositor,0,91,8,7
2026W31,credential_protocol,0,26,4,4
2026W31,elf,2,2,5,5
2026W31,entropy_protocol,0,10,2,2
2026W31,filesystem_protocol,0,301,28,27
2026W31,globally_unique_identifier_partition_table,0,176,2,1
2026W31,grant_plan,0,423,21,15
2026W31,graphics_protocol,0,30,4,4
2026W31,line_editor,0,34,5,4
2026W31,measured_boot,0,32,2,2
2026W31,nifefs,4,8,10,7
2026W31,socket_protocol,0,21,2,2
2026W31,supervision_protocol,0,26,2,2
2026W31,swap_protocol,0,69,2,2
2026W31,user_mode_heap,0,11,0,0
2026W32,abi,0,0,5,5
2026W32,byte_sink_protocol,0,0,4,4
2026W32,clock_protocol,0,0,8,7
2026W32,compositor,0,0,3,2
2026W32,credential_protocol,0,25,9,7
2026W32,elf,0,0,4,3
2026W32,entropy_protocol,0,0,4,3
2026W32,filesystem_protocol,1,16,10,8
2026W32,globally_unique_identifier_partition_table,0,13,13,9
2026W32,grant_plan,11,100,19,16
2026W32,graphics_protocol,0,0,4,4
2026W32,line_editor,0,1,7,6
2026W32,measured_boot,0,0,6,4
2026W32,nifefs,0,0,6,6
2026W32,socket_protocol,0,8,5,4
2026W32,supervision_protocol,1,2,7,7
2026W32,swap_protocol,0,0,5,5
2026W33,abi,0,0,1,1
2026W33,byte_sink_protocol,0,0,3,3
2026W33,clock_protocol,0,0,1,1
2026W33,compositor,0,0,1,1
2026W33,elf,0,0,2,2
2026W33,entropy_protocol,0,0,1,1
2026W33,filesystem_protocol,3,8,6,6
2026W33,globally_unique_identifier_partition_table,1,1,3,2
2026W33,grant_plan,2,1,4,3
2026W33,line_editor,0,0,1,1
2026W33,measured_boot,0,4,2,2
2026W33,nifefs,1,0,3,3
2026W33,socket_protocol,1,3,4,3
2026W33,supervision_protocol,10,8,3,3
2026W33,swap_protocol,0,0,2,2
2026W34,abi,8,16,12,12
2026W34,byte_sink_protocol,1,0,6,6
2026W34,clock_protocol,0,0,8,8
2026W34,component_plan,0,112,5,5
2026W34,compositor,0,0,5,5
2026W34,credential_protocol,1,4,5,5
2026W34,elf,0,0,4,4
2026W34,entropy_protocol,0,0,6,6
2026W34,environment_protocol,0,44,3,3
2026W34,filesystem_protocol,7,58,20,18
2026W34,globally_unique_identifier_partition_table,0,0,2,2
2026W34,grant_plan,9,23,14,12
2026W34,graphics_protocol,1,0,5,5
2026W34,line_editor,0,0,4,4
2026W34,login_protocol,0,6,5,5
2026W34,measured_boot,0,0,2,2
2026W34,nifefs,0,0,2,2
2026W34,socket_protocol,0,5,5,5
2026W34,supervision_protocol,0,0,6,6
2026W34,swap_protocol,1,21,10,10
2026W35,abi,19,18,7,7
2026W35,byte_sink_protocol,0,0,1,1
2026W35,clock_protocol,0,1,2,2
2026W35,component_plan,0,0,2,2
2026W35,compositor,4,1,2,2
2026W35,counter_frequency_protocol,0,12,2,2
2026W35,elf,0,0,2,2
2026W35,environment_protocol,0,0,1,1
2026W35,filesystem_protocol,5,17,4,4
2026W35,grant_plan,13,75,10,10
2026W35,graphics_protocol,7,1,7,7
2026W35,line_editor,1,10,2,2
2026W35,login_protocol,0,7,4,4
2026W35,nifefs,0,0,1,1
2026W35,socket_protocol,1,1,1,1
2026W35,supervision_protocol,4,4,10,8
2026W35,swap_protocol,0,0,3,3
2026W36,abi,2,0,4,3
2026W36,component_plan,0,0,3,3
2026W36,compositor,0,0,1,0
2026W36,credential_protocol,25,0,4,4
2026W36,elf,1,1,3,1
2026W36,entropy_protocol,0,5,1,0
2026W36,filesystem_protocol,16,0,6,6
2026W36,globally_unique_identifier_partition_table,0,0,1,1
2026W36,grant_plan,3,4,2,2
2026W36,login_protocol,0,2,2,2
2026W36,measured_boot,0,5,3,1
2026W36,nifefs,0,0,3,1
2026W36,supervision_protocol,5,20,3,1
2026W37,abi,0,0,3,3
2026W37,byte_sink_protocol,0,0,1,1
2026W37,clock_protocol,0,0,1,1
2026W37,component_plan,0,0,1,0
2026W37,compositor,0,0,1,1
2026W37,counter_frequency_protocol,0,0,4,3
2026W37,credential_protocol,0,0,1,1
2026W37,elf,0,0,1,1
2026W37,entropy_protocol,0,0,1,1
2026W37,environment_protocol,0,0,1,1
2026W37,filesystem_protocol,0,0,1,1
2026W37,grant_plan,6,5,12,12
2026W37,graphics_protocol,0,0,2,2
2026W37,line_editor,0,0,1,1
2026W37,login_protocol,0,0,2,2
2026W37,measured_boot,0,0,3,3
2026W37,supervision_protocol,0,0,2,2
2026W37,swap_protocol,0,0,1,1
2026W38,abi,0,1,2,2
2026W38,byte_sink_protocol,1,0,4,4
2026W38,capability_witness_protocol,0,3,9,7
2026W38,clock_protocol,1,0,2,2
2026W38,component_plan,0,0,2,2
2026W38,compositor,0,0,1,1
2026W38,counter_frequency_protocol,1,0,3,2
2026W38,credential_protocol,1,9,3,2
2026W38,elf,0,3,9,6
2026W38,entropy_protocol,1,0,2,2
2026W38,environment_protocol,1,0,2,2
2026W38,filesystem_protocol,1,0,7,5
2026W38,globally_unique_identifier_partition_table,26,25,6,6
2026W38,grant_plan,3,1,5,3
2026W38,graphics_protocol,1,0,3,3
2026W38,line_editor,0,0,1,1
2026W38,login_protocol,1,0,4,4
2026W38,nifefs,2,0,5,2
2026W38,socket_protocol,1,0,3,3
2026W38,supervision_protocol,1,0,4,4
2026W38,swap_protocol,1,0,4,4
2026W38,user_mode_heap,1,0,0,0
2026W39,abi,0,7,9,8
2026W39,activation_set,0,34,9,9
2026W39,boot_slot,0,48,7,3
2026W39,clock_protocol,2,2,1,1
2026W39,component_plan,0,0,1,0
2026W39,compositor,0,0,1,0
2026W39,counter_frequency_protocol,0,3,2,2
2026W39,credential_protocol,1,1,3,3
2026W39,current_cpu_protocol,0,13,2,1
2026W39,elf,0,1,3,3
2026W39,environment_protocol,0,0,1,1
2026W39,filesystem_protocol,2,10,6,6
2026W39,globally_unique_identifier_partition_table,1,2,3,2
2026W39,grant_plan,13,110,17,14
2026W39,login_protocol,0,3,3,3
2026W39,manifest_note,0,22,2,2
2026W39,nifefs,0,0,5,2
2026W39,package_archive,0,88,9,6
2026W39,socket_protocol,0,5,3,3
2026W39,std_runtime_protocol,0,15,3,2
2026W39,supervision_protocol,0,1,4,4
