day,entries,ejected,ejection_pct,merged,median_hours_to_merge
2026-09-14,38,12,31.6,26,2.7
2026-09-15,14,1,7.1,13,0.6
2026-09-16,22,1,4.5,22,0.7
2026-09-17,14,0,0.0,14,0.9
2026-09-18,36,3,8.3,33,0.6
2026-09-19,48,7,14.6,42,1.1
2026-09-20,33,9,27.3,24,1.2
2026-09-21,67,15,22.4,50,0.9
2026-09-22,93,81,87.1,15,3.3
2026-09-23,100,32,32.0,60,1.3
2026-09-24,132,39,29.5,103,2.2
2026-09-25,73,35,47.9,38,2.0
2026-09-26,85,33,38.8,46,2.2
2026-09-27,68,15,22.1,64,5.4
2026-09-28,8,1,12.5,7,2.3
2026-09-29,22,2,9.1,20,1.5
2026-09-30,28,17,60.7,11,5.5
2026-10-01,9,2,22.2,7,22.5
2026-10-03,70,14,20.0,54,1.4
