week,unsafe_trust_kernel,unsafe_trust_kernel_code_lines,unsafe_trust_kernel_density,unsafe_trust_userspace,unsafe_trust_userspace_code_lines,unsafe_trust_userspace_density,unsafe_trust_shared,unsafe_trust_boot_chain,unsafe_trust_unclassified
2026W29,103,5497,187,45,595,756,0,0,57
2026W30,153,8579,178,92,1427,644,0,0,105
2026W31,287,21749,131,384,13657,281,0,0,142
2026W32,330,24428,135,393,16175,242,0,0,150
2026W33,360,27027,133,420,17191,244,0,0,173
2026W34,412,32963,124,383,21032,182,0,0,145
2026W35,549,39360,139,262,23799,110,0,0,175
2026W36,538,42115,127,254,23305,108,0,22,188
2026W37,538,42486,126,254,26558,95,0,22,188
2026W38,649,47408,136,382,31590,120,19,37,0
2026W39,709,43038,164,445,38169,116,21,73,17
2026W40,735,45606,161,466,44726,104,21,73,19
2026W41,786,48788,161,469,45298,103,22,75,19
