run,created,event,prove_minutes,refalsify_minutes,slowest_minutes
31774498044,2026-08-14T05:54:29Z,push,14.4;16.3,,16.3
31809131936,2026-08-14T14:21:55Z,pull_request,16.6;14.6,,16.6
31810638323,2026-08-14T14:40:06Z,push,15.4;17.3,,17.3
31810739602,2026-08-14T14:41:18Z,pull_request,14.2;14.4,,14.4
31812024242,2026-08-14T14:56:43Z,push,15.6;15.8,,15.8
31819101802,2026-08-14T16:23:28Z,pull_request,21.0;13.7,,21.0
31824415792,2026-08-14T17:31:55Z,pull_request,18.4;14.3,,18.4
31825890963,2026-08-14T17:50:55Z,push,14.3;16.4,,16.4
31827989035,2026-08-14T18:18:05Z,pull_request,14.8;16.6,,16.6
31829384005,2026-08-14T18:35:44Z,push,16.2;16.5,,16.5
31846254961,2026-08-14T22:20:52Z,pull_request,14.5;17.0,,17.0
31847807609,2026-08-14T22:44:50Z,pull_request,13.9;15.3,,15.3
31910236817,2026-08-15T21:43:51Z,push,14.6;17.5,,17.5
31910276298,2026-08-15T21:44:43Z,pull_request,17.1;14.1,,17.1
31910308827,2026-08-15T21:45:27Z,pull_request,18.2;15.0,,18.2
31910351681,2026-08-15T21:46:21Z,merge_group,15.6;15.9,,15.9
31910586292,2026-08-15T21:51:38Z,merge_group,13.9;15.9,,15.9
31911198316,2026-08-15T22:05:09Z,merge_group,14.1;16.5,,16.5
31911394204,2026-08-15T22:09:32Z,merge_group,13.0;18.6,,18.6
31911525008,2026-08-15T22:12:25Z,merge_group,14.1;15.5,,15.5
31911642931,2026-08-15T22:15:06Z,pull_request,15.0;14.8,,15.0
31911963898,2026-08-15T22:22:36Z,merge_group,16.6;17.3,,17.3
31915450312,2026-08-15T23:43:08Z,merge_group,17.8;13.8,,17.8
31915450552,2026-08-15T23:43:08Z,merge_group,13.9;15.0,,15.0
31959121978,2026-08-16T16:36:49Z,merge_group,16.5;18.3,,18.3
31959861688,2026-08-16T16:51:48Z,pull_request,15.1;16.1,,16.1
31960654854,2026-08-16T17:07:27Z,pull_request,18.0;15.1,,18.0
31961629261,2026-08-16T17:26:57Z,merge_group,14.2;15.1,,15.1
31962115535,2026-08-16T17:36:39Z,pull_request,14.0;16.6,,16.6
31962278915,2026-08-16T17:39:57Z,pull_request,15.1;15.3,,15.3
31962432754,2026-08-16T17:43:00Z,push,14.3;13.7,,14.3
31963296517,2026-08-16T18:00:25Z,pull_request,14.2;15.2,,15.2
31964338063,2026-08-16T18:21:15Z,merge_group,14.8;15.5,,15.5
31965511186,2026-08-16T18:45:00Z,pull_request,15.7;13.7,,15.7
31966334534,2026-08-16T19:01:30Z,merge_group,16.9;14.8,,16.9
31967229307,2026-08-16T19:19:24Z,push,16.4;14.5,,16.4
32063209528,2026-08-17T19:57:44Z,pull_request,14.9;16.7,,16.7
32066200567,2026-08-17T20:30:57Z,merge_group,17.1;16.9,,17.1
32066400926,2026-08-17T20:33:12Z,pull_request,14.6;15.8,,15.8
32070293861,2026-08-17T21:17:04Z,merge_group,18.1;16.8,,18.1
32070294793,2026-08-17T21:17:04Z,merge_group,19.8;16.4,,19.8
32070738079,2026-08-17T21:22:16Z,merge_group,13.9;14.6,,14.6
32072104436,2026-08-17T21:37:54Z,push,14.8;15.7,,15.7
32072938299,2026-08-17T21:47:54Z,merge_group,16.4;14.6,,16.4
32076386239,2026-08-17T22:31:27Z,merge_group,18.4;15.7,,18.4
32078867442,2026-08-17T23:04:29Z,pull_request,16.5;14.4,,16.5
32079675198,2026-08-17T23:15:40Z,merge_group,15.3;17.8,,17.8
32080392170,2026-08-17T23:25:54Z,pull_request,17.3;15.4,,17.3
32195227689,2026-08-18T22:59:35Z,pull_request,17.9;16.2,,17.9
32195866616,2026-08-18T23:08:12Z,pull_request,16.2;15.6,,16.2
32196005711,2026-08-18T23:10:06Z,pull_request,15.3;15.9,,15.9
32196073045,2026-08-18T23:11:05Z,pull_request,16.2;17.2,,17.2
32196394948,2026-08-18T23:15:30Z,pull_request,16.8;16.6,,16.8
32196398297,2026-08-18T23:15:33Z,pull_request,15.0;16.2,,16.2
32196709409,2026-08-18T23:19:54Z,pull_request,14.7;15.4,,15.4
32198328432,2026-08-18T23:42:55Z,merge_group,18.7;16.6,,18.7
32198461758,2026-08-18T23:44:48Z,merge_group,18.0;18.2,,18.2
32199200245,2026-08-18T23:55:36Z,pull_request,14.3;17.6,,17.6
32199214142,2026-08-18T23:55:49Z,pull_request,17.6;15.9,,17.6
32199398223,2026-08-18T23:58:38Z,pull_request,18.6;16.0,,18.6
32273280543,2026-08-19T15:59:10Z,pull_request,16.8;17.4,,17.4
32276589686,2026-08-19T16:33:29Z,pull_request,16.1;18.4,,18.4
32276897542,2026-08-19T16:36:43Z,pull_request,16.4;17.4,,17.4
32278428633,2026-08-19T16:52:48Z,merge_group,18.9;18.0,,18.9
32278643156,2026-08-19T16:55:03Z,merge_group,18.4;15.4,,18.4
32280300808,2026-08-19T17:12:45Z,push,15.1;17.0,,17.0
32283159669,2026-08-19T17:42:34Z,pull_request,18.3;17.6,,18.3
32285029455,2026-08-19T18:01:53Z,merge_group,15.9;14.8,,15.9
32286650685,2026-08-19T18:19:03Z,push,19.0;16.8,,19.0
32288324233,2026-08-19T18:36:51Z,pull_request,17.6;16.6,,17.6
32290165846,2026-08-19T18:56:03Z,merge_group,14.9;17.3,,17.3
32291897251,2026-08-19T19:14:10Z,push,15.9;15.7,,15.9
32349220818,2026-08-20T08:31:15Z,pull_request,17.5;16.0,,17.5
32350735303,2026-08-20T08:49:39Z,merge_group,18.9;18.4,,18.9
32352442232,2026-08-20T09:09:34Z,push,15.8;17.4,,17.4
32396599772,2026-08-20T17:15:27Z,pull_request,18.1;17.4,,18.1
32398407662,2026-08-20T17:35:01Z,merge_group,18.2;16.6,,18.2
32400193036,2026-08-20T17:54:13Z,push,18.8;17.2,,18.8
32463790054,2026-08-21T08:34:19Z,pull_request,15.9;15.8,,15.9
32517624626,2026-08-21T19:16:33Z,merge_group,18.5;15.7,,18.5
32517670523,2026-08-21T19:17:05Z,merge_group,17.6;17.3,,17.6
32519297033,2026-08-21T19:36:02Z,push,16.0;16.5,,16.5
32584827713,2026-08-22T16:28:56Z,pull_request,15.9;15.9,,15.9
32584829818,2026-08-22T16:28:58Z,pull_request,11.6;15.6,,15.6
32586304719,2026-08-22T16:58:07Z,pull_request,16.0;15.1,,16.0
32586408188,2026-08-22T17:00:08Z,pull_request,18.3;14.5,,18.3
32587570473,2026-08-22T17:23:14Z,pull_request,14.6;14.9,,14.9
32587740619,2026-08-22T17:26:38Z,pull_request,18.4;17.6,,18.4
32592870513,2026-08-22T19:09:17Z,pull_request,16.6;15.9,,16.6
32594438823,2026-08-22T19:41:03Z,pull_request,15.7;15.4,,15.7
32595255488,2026-08-22T19:57:36Z,merge_group,18.5;17.6,,18.5
32596233290,2026-08-22T20:17:08Z,push,15.3;17.4,,17.4
32605967360,2026-08-22T23:43:08Z,merge_group,15.0;16.5,,16.5
32606022400,2026-08-22T23:44:24Z,merge_group,15.2;17.1,,17.1
32667078947,2026-08-23T21:17:45Z,pull_request,18.3;17.0,,18.3
32667660861,2026-08-23T21:29:15Z,push,18.4;16.9,,18.4
32667743082,2026-08-23T21:30:47Z,pull_request,14.4;15.8,,15.8
32668069984,2026-08-23T21:37:08Z,pull_request,14.7;15.9,,15.9
32668268207,2026-08-23T21:41:05Z,pull_request,18.4;15.1,,18.4
32668499980,2026-08-23T21:45:35Z,pull_request,17.1;17.2,,17.2
32669243176,2026-08-23T22:00:21Z,merge_group,17.0;16.0,,17.0
32669418556,2026-08-23T22:03:41Z,merge_group,16.4;16.2,,16.4
32670177042,2026-08-23T22:18:22Z,push,19.4;19.2,,19.4
32670294666,2026-08-23T22:20:41Z,push,19.8;17.0,,19.8
32670856016,2026-08-23T22:31:46Z,pull_request,16.8;16.6,,16.8
32671757083,2026-08-23T22:49:23Z,merge_group,18.3;17.2,,18.3
32745231251,2026-08-24T15:30:04Z,push,17.4;15.8,,17.4
32746733738,2026-08-24T15:44:55Z,merge_group,18.0;18.7,,18.7
32748685731,2026-08-24T16:04:25Z,push,15.9;17.8,,17.8
32754840507,2026-08-24T17:07:53Z,pull_request,14.3;15.8,,15.8
32754850033,2026-08-24T17:07:59Z,pull_request,17.7;16.4,,17.7
32756504383,2026-08-24T17:25:06Z,merge_group,17.6;15.6,,17.6
32756699957,2026-08-24T17:27:07Z,merge_group,19.1;16.7,,19.1
32758325734,2026-08-24T17:44:07Z,push,17.6;16.5,,17.6
32758673598,2026-08-24T17:47:44Z,push,18.1;16.7,,18.1
32761481641,2026-08-24T18:16:32Z,merge_group,18.6;16.4,,18.6
32763345055,2026-08-24T18:36:09Z,push,15.6;16.5,,16.5
32789036505,2026-08-24T23:22:26Z,merge_group,19.2;15.8,,19.2
32874454711,2026-08-25T16:51:33Z,pull_request,17.2;16.6,,17.2
32876203320,2026-08-25T17:09:19Z,pull_request,13.7;16.9,,16.9
32878183640,2026-08-25T17:29:27Z,merge_group,18.4;18.4,,18.4
32879043295,2026-08-25T17:38:11Z,pull_request,15.6;15.5,,15.6
32880256269,2026-08-25T17:50:33Z,pull_request,18.9;15.1,,18.9
32880725850,2026-08-25T17:55:16Z,merge_group,15.8;15.8,,15.8
32882391425,2026-08-25T18:12:24Z,push,18.1;17.1,,18.1
32890066857,2026-08-25T19:31:36Z,pull_request,17.9;15.4,,17.9
32891925227,2026-08-25T19:51:09Z,merge_group,15.0;17.0,,17.0
32893688762,2026-08-25T20:09:20Z,push,14.4;16.5,,16.5
32894508621,2026-08-25T20:17:41Z,pull_request,17.3;16.5,,17.3
32896246134,2026-08-25T20:36:01Z,merge_group,14.9;17.5,,17.5
33009243722,2026-08-26T20:12:41Z,pull_request,18.4;17.5,,18.4
33009245488,2026-08-26T20:12:42Z,pull_request,19.7;17.5,,19.7
33021752639,2026-08-26T23:01:18Z,pull_request,17.9;17.2,,17.9
33022903567,2026-08-26T23:19:16Z,pull_request,17.6;16.6,,17.6
33022964682,2026-08-26T23:20:14Z,merge_group,14.7;17.1,,17.1
33023256244,2026-08-26T23:24:51Z,merge_group,15.8;16.2,,16.2
33023405485,2026-08-26T23:27:17Z,merge_group,14.3;16.6,,16.6
33023405904,2026-08-26T23:27:17Z,merge_group,18.3;15.9,,18.3
33023918809,2026-08-26T23:35:39Z,merge_group,14.2;16.1,,16.1
33023919578,2026-08-26T23:35:40Z,merge_group,17.1;16.6,,17.1
33024690897,2026-08-26T23:49:22Z,merge_group,19.0;17.1,,19.0
33025272627,2026-08-26T23:59:33Z,push,17.7;17.2,,17.7
33119700389,2026-08-27T21:46:51Z,merge_group,17.1;17.3,,17.3
33120237353,2026-08-27T21:54:16Z,merge_group,15.1;16.1,,16.1
33121389522,2026-08-27T22:10:15Z,pull_request,15.1;17.1,,17.1
33126926674,2026-08-27T23:37:26Z,pull_request,18.6;15.8,,18.6
33126932851,2026-08-27T23:37:31Z,merge_group,14.7;16.0,,16.0
33126933335,2026-08-27T23:37:32Z,merge_group,16.8;15.5,,16.8
33127356852,2026-08-27T23:44:46Z,merge_group,17.6;14.8,,17.6
33127472095,2026-08-27T23:46:40Z,merge_group,17.9;15.8,,17.9
33127669364,2026-08-27T23:50:10Z,merge_group,18.1;16.4,,18.1
33127760234,2026-08-27T23:51:46Z,merge_group,16.6;16.9,,16.9
33128073794,2026-08-27T23:57:16Z,pull_request,19.2;15.6,,19.2
33128081077,2026-08-27T23:57:23Z,merge_group,18.4;20.0,,20.0
33149685110,2026-08-28T06:57:07Z,merge_group,19.0;18.1,,19.0
33150386514,2026-08-28T07:08:46Z,push,15.3;17.0,,17.0
33151926079,2026-08-28T07:33:53Z,pull_request,17.1;16.7,,17.1
33152920496,2026-08-28T07:49:37Z,pull_request,18.0;16.9,,18.0
33157559215,2026-08-28T09:00:03Z,pull_request,15.8;18.2,,18.2
33157928256,2026-08-28T09:05:27Z,pull_request,15.4;15.5,,15.5
33159034654,2026-08-28T09:21:36Z,merge_group,13.6;17.6,,17.6
33160748074,2026-08-28T09:46:35Z,pull_request,18.6;18.4,,18.6
33161389886,2026-08-28T09:56:11Z,pull_request,14.1;15.7,,15.7
33162056714,2026-08-28T10:06:05Z,merge_group,17.4;16.7,,17.4
33162517503,2026-08-28T10:13:16Z,merge_group,18.2;17.1,,18.2
33205639845,2026-08-28T19:50:41Z,pull_request,17.1;16.6,,17.1
33231530231,2026-08-29T03:29:42Z,merge_group,16.8;17.8,,17.8
33232326626,2026-08-29T03:48:56Z,push,17.2;17.7,,17.7
33255307557,2026-08-29T13:33:11Z,pull_request,19.7;17.3,,19.7
33293577871,2026-08-30T04:56:12Z,merge_group,14.0;16.3,,16.3
33294224441,2026-08-30T05:13:40Z,push,14.8;18.1,,18.1
33314314905,2026-08-30T13:29:28Z,pull_request,17.1;18.1,,18.1
33325730970,2026-08-30T17:36:27Z,merge_group,18.5;17.1,,18.5
33326623405,2026-08-30T17:56:02Z,push,17.6;17.4,,17.6
33329551936,2026-08-30T18:58:21Z,pull_request,13.7;17.6,,17.6
33343166520,2026-08-30T23:57:41Z,pull_request,14.4;15.4,,15.4
33431861530,2026-08-31T19:40:34Z,pull_request,14.3;15.9,,15.9
33432986453,2026-08-31T19:53:07Z,merge_group,17.2;16.4,,17.2
33434367171,2026-08-31T20:08:14Z,merge_group,15.1;16.5,0.6,16.5
33435076736,2026-08-31T20:15:48Z,pull_request,17.8;17.0,,17.8
33436121107,2026-08-31T20:27:19Z,merge_group,16.2;16.2,0.5,16.2
33436512123,2026-08-31T20:31:41Z,pull_request,15.8;17.8,,17.8
33438464912,2026-08-31T20:53:35Z,merge_group,14.2;15.4,,15.4
33439926433,2026-08-31T21:10:06Z,push,14.4;15.7,,15.7
33450679036,2026-08-31T23:26:19Z,pull_request,17.6;17.0,,17.6
33450808157,2026-08-31T23:28:09Z,pull_request,14.9;16.5,0.6,16.5
33451963262,2026-08-31T23:44:45Z,merge_group,17.1;15.0,,17.1
33452052219,2026-08-31T23:46:03Z,merge_group,14.8;15.9,0.6,15.9
33545530445,2026-09-01T18:45:35Z,pull_request,19.9;15.8,1.6,19.9
33545820580,2026-09-01T18:48:33Z,pull_request,14.0;17.2,1.9,17.2
33547747481,2026-09-01T19:08:23Z,merge_group,18.6;14.9,1.6,18.6
33549660603,2026-09-01T19:28:04Z,push,17.4;17.4,1.6,17.4
33555385070,2026-09-01T20:27:07Z,pull_request,17.5;15.1,1.9,17.5
33557236752,2026-09-01T20:46:08Z,merge_group,17.9;16.0,2.0,17.9
33560230200,2026-09-01T21:17:21Z,pull_request,13.7;17.7,1.9,17.7
33562601199,2026-09-01T21:43:25Z,merge_group,18.3;16.9,2.0,18.3
33563371866,2026-09-01T21:52:13Z,pull_request,15.3;15.2,2.0,15.3
33564267784,2026-09-01T22:02:42Z,push,19.2;16.6,1.9,19.2
33564791299,2026-09-01T22:08:45Z,merge_group,15.6;17.1,1.9,17.1
33566339987,2026-09-01T22:26:56Z,push,17.8;16.3,1.9,17.8
33680455206,2026-09-02T20:38:06Z,merge_group,17.6;16.0,0.7,17.6
33680542803,2026-09-02T20:38:59Z,pull_request,18.1;16.8,0.5,18.1
33681453668,2026-09-02T20:48:17Z,pull_request,18.2;16.0,0.8,18.2
33682250238,2026-09-02T20:56:21Z,merge_group,17.4;17.6,0.7,17.6
33682286905,2026-09-02T20:56:46Z,push,14.5;16.2,0.8,16.2
33682489447,2026-09-02T20:58:54Z,merge_group,18.0;16.3,0.5,18.0
33684049580,2026-09-02T21:14:49Z,push,16.6;16.3,0.6,16.6
33684621721,2026-09-02T21:20:47Z,push,18.1;16.4,0.6,18.1
33685156664,2026-09-02T21:26:30Z,merge_group,17.6;15.9,0.6,17.6
33686846057,2026-09-02T21:45:16Z,push,18.3;17.0,0.7,18.3
33693075228,2026-09-02T23:00:41Z,pull_request,16.1;16.5,0.7,16.5
33696588400,2026-09-02T23:46:11Z,pull_request,18.9;16.0,0.7,18.9
33779363790,2026-09-03T16:33:43Z,pull_request,15.2;16.0,2.3,16.0
33781153780,2026-09-03T16:51:46Z,merge_group,15.0;16.4,2.4,16.4
33782858461,2026-09-03T17:09:13Z,push,16.8;18.4,2.2,18.4
33785103261,2026-09-03T17:31:49Z,pull_request,13.8;17.0,0.7,17.0
33786933460,2026-09-03T17:50:30Z,merge_group,15.9;18.7,0.7,18.7
33805797722,2026-09-03T21:03:12Z,pull_request,18.6;17.7,0.6,18.6
33807731680,2026-09-03T21:24:04Z,pull_request,18.9;18.1,0.6,18.9
33809523628,2026-09-03T21:44:07Z,merge_group,15.7;15.9,0.5,15.9
33810964336,2026-09-03T22:01:02Z,push,17.1;17.9,0.5,17.9
33815303732,2026-09-03T22:55:37Z,pull_request,18.2;17.1,0.7,18.2
33816752522,2026-09-03T23:14:53Z,merge_group,18.9;17.6,0.7,18.9
33818221030,2026-09-03T23:35:01Z,push,17.0;15.2,1.0,17.0
33911686903,2026-09-04T19:32:30Z,push,15.3;17.3,2.0,17.3
33919807736,2026-09-04T21:10:05Z,pull_request,17.9;16.5,2.3,17.9
33921326062,2026-09-04T21:29:24Z,merge_group,21.5;15.7,1.9,21.5
33922228101,2026-09-04T21:41:14Z,pull_request,17.5;16.6,0.7,17.5
33924936213,2026-09-04T22:18:19Z,merge_group,18.4;16.4,0.8,18.4
33926320632,2026-09-04T22:37:49Z,push,18.5;17.1,0.7,18.5
33926832043,2026-09-04T22:45:26Z,pull_request,18.4;17.2,1.8,18.4
33927401245,2026-09-04T22:54:00Z,pull_request,17.6;17.0,0.6,17.6
33928127079,2026-09-04T23:05:08Z,merge_group,17.2;17.1,2.0,17.2
33928664270,2026-09-04T23:13:23Z,merge_group,19.0;17.2,0.6,19.0
33928893010,2026-09-04T23:16:49Z,merge_group,21.1;16.2,0.6,21.1
33928966888,2026-09-04T23:18:00Z,merge_group,16.2;18.3,2.0,18.3
33973094793,2026-09-05T14:52:21Z,pull_request,14.9;18.9,0.6,18.9
33974090008,2026-09-05T15:12:32Z,merge_group,20.2;17.5,0.6,20.2
33977043984,2026-09-05T16:10:41Z,pull_request,17.2;15.3,0.7,17.2
33978452148,2026-09-05T16:37:34Z,merge_group,18.1;17.2,0.8,18.1
33980257639,2026-09-05T17:13:01Z,pull_request,17.4;16.4,0.7,17.4
33985202809,2026-09-05T18:48:30Z,pull_request,17.8;17.8,2.0,17.8
33986211690,2026-09-05T19:08:40Z,pull_request,16.7;16.2,0.8,16.7
33986937769,2026-09-05T19:22:54Z,merge_group,18.1;15.2,2.3,18.1
33987902353,2026-09-05T19:42:07Z,push,17.3;15.5,2.0,17.3
33988524052,2026-09-05T19:54:45Z,pull_request,15.3;18.3,0.8,18.3
33989799394,2026-09-05T20:20:15Z,merge_group,16.5;15.7,0.9,16.5
33990685520,2026-09-05T20:37:54Z,push,20.4;16.8,0.7,20.4
34031559090,2026-09-06T11:54:17Z,pull_request,19.0;18.5,2.1,19.0
34032523218,2026-09-06T12:14:36Z,merge_group,17.3;15.8,2.2,17.3
34033434191,2026-09-06T12:33:01Z,push,14.2;15.9,2.2,15.9
34129909175,2026-09-07T13:53:21Z,pull_request,18.8;15.8,2.0,18.8
34132283743,2026-09-07T14:19:00Z,merge_group,20.2;16.4,2.3,20.2
34134200537,2026-09-07T14:40:03Z,push,14.0;17.3,2.1,17.3
34226587223,2026-09-08T12:31:45Z,pull_request,15.3;19.5,2.8,19.5
34235196120,2026-09-08T13:57:31Z,merge_group,18.3;16.8,2.4,18.3
34237259183,2026-09-08T14:16:57Z,push,15.2;17.8,2.2,17.8
34308112563,2026-09-09T03:41:49Z,push,15.7;16.2,1.8,16.2
34308442913,2026-09-09T03:47:01Z,pull_request,18.4;18.1,0.9,18.4
34310813772,2026-09-09T04:23:57Z,merge_group,15.9;17.4,0.7,17.4
34312011434,2026-09-09T04:42:27Z,push,17.9;19.2,0.8,19.2
34314032825,2026-09-09T05:13:39Z,pull_request,18.7;16.9,0.7,18.7
34315361790,2026-09-09T05:33:33Z,merge_group,15.3;17.6,0.8,17.6
34352230989,2026-09-09T12:38:48Z,pull_request,18.1;19.1,2.0,19.1
34354302464,2026-09-09T12:59:43Z,merge_group,17.9;17.2,2.5,17.9
34356277985,2026-09-09T13:18:47Z,push,17.7;16.9,2.2,17.7
34370412420,2026-09-09T15:27:57Z,pull_request,19.7;16.8,0.8,19.7
34374675789,2026-09-09T16:07:01Z,merge_group,15.0;16.6,0.9,16.6
34376551188,2026-09-09T16:24:43Z,push,19.1;16.8,0.9,19.1
34491415509,2026-09-10T14:47:49Z,pull_request,17.4;16.0,2.1,17.4
34507777261,2026-09-10T17:22:07Z,pull_request,14.9;16.7,2.2,16.7
34508654293,2026-09-10T17:30:41Z,pull_request,15.7;15.3,0.6,15.7
34510110187,2026-09-10T17:45:03Z,pull_request,15.1;16.2,0.7,16.2
34510375225,2026-09-10T17:47:38Z,merge_group,19.8;15.3,0.7,19.8
34510847853,2026-09-10T17:52:19Z,pull_request,18.8;17.1,1.8,18.8
34511884932,2026-09-10T18:02:34Z,merge_group,14.9;16.2,0.8,16.2
34512500612,2026-09-10T18:08:36Z,push,17.8;18.2,0.6,18.2
34513665706,2026-09-10T18:19:58Z,push,18.9;16.3,0.7,18.9
34521343312,2026-09-10T19:35:49Z,pull_request,16.5;17.4,1.4,17.4
34523182174,2026-09-10T19:54:42Z,merge_group,19.1;16.7,1.4,19.1
34525221862,2026-09-10T20:14:55Z,push,17.1;19.1,1.7,19.1
34599349166,2026-09-11T12:31:24Z,pull_request,16.4;15.8,2.2,16.4
34600873797,2026-09-11T12:48:54Z,merge_group,18.5;16.9,2.2,18.5
34602647575,2026-09-11T13:08:38Z,push,15.8;16.7,2.4,16.7
34692256847,2026-09-12T11:54:35Z,pull_request,16.8;17.1,2.1,17.1
34701440829,2026-09-12T15:10:49Z,merge_group,15.2;17.7,2.4,17.7
34783071863,2026-09-13T21:11:36Z,merge_group,14.0;15.8,0.7,15.8
34783255908,2026-09-13T21:15:13Z,merge_group,18.0;16.3,0.7,18.0
34783367777,2026-09-13T21:17:23Z,push,16.0;16.2,0.6,16.2
34783368666,2026-09-13T21:17:24Z,merge_group,18.7;14.9,0.6,18.7
34783388060,2026-09-13T21:17:51Z,push,17.3;16.1,0.8,17.3
34783388477,2026-09-13T21:17:51Z,merge_group,18.6;16.9,0.7,18.6
34783889758,2026-09-13T21:27:39Z,push,16.4;17.9,0.7,17.9
34783890925,2026-09-13T21:27:40Z,merge_group,18.1;16.6,1.9,18.1
34784276481,2026-09-13T21:35:23Z,push,16.8;18.4,0.6,18.4
34784518358,2026-09-13T21:40:15Z,push,18.0;17.5,0.6,18.0
34784799557,2026-09-13T21:46:03Z,push,18.8;16.5,0.6,18.8
34785112240,2026-09-13T21:52:35Z,push,16.4;15.3,1.9,16.4
34871602067,2026-09-14T16:55:36Z,pull_request,14.5;16.4,1.9,16.4
34873417405,2026-09-14T17:13:21Z,merge_group,14.3;17.4,2.0,17.4
34875313573,2026-09-14T17:31:56Z,push,17.6;16.1,2.1,17.6
34886449021,2026-09-14T19:22:03Z,pull_request,15.0;20.8,0.8,20.8
34888992140,2026-09-14T19:47:09Z,pull_request,14.2;15.5,0.7,15.5
34892917069,2026-09-14T20:26:21Z,pull_request,19.2;17.3,0.7,19.2
34893265728,2026-09-14T20:29:50Z,pull_request,15.3;16.8,0.7,16.8
34903329319,2026-09-14T22:17:09Z,merge_group,16.1;16.9,0.8,16.9
34905317801,2026-09-14T22:41:07Z,pull_request,18.5;15.9,0.6,18.5
34907663549,2026-09-14T23:11:08Z,merge_group,16.9;16.9,0.8,16.9
34908098168,2026-09-14T23:16:31Z,pull_request,16.4;16.9,0.7,16.9
34909074183,2026-09-14T23:29:09Z,push,18.7;17.3,0.7,18.7
34972749929,2026-09-15T13:05:02Z,pull_request,12.8;16.1,1.9,16.1
34979199616,2026-09-15T14:04:41Z,merge_group,18.4;16.2,2.0,18.4
34981392976,2026-09-15T14:24:16Z,push,15.4;16.9,2.0,16.9
34981971273,2026-09-15T14:29:18Z,pull_request,18.2;15.8,2.1,18.2
34984177453,2026-09-15T14:48:52Z,merge_group,18.6;15.2,2.2,18.6
34986456592,2026-09-15T15:08:50Z,push,17.9;15.7,1.9,17.9
35018513154,2026-09-15T20:15:30Z,pull_request,18.5;15.3,0.8,18.5
35027888260,2026-09-15T21:51:01Z,pull_request,18.8;14.6,0.9,18.8
35030590643,2026-09-15T22:21:57Z,pull_request,16.4;16.4,0.9,16.4
35032395958,2026-09-15T22:43:52Z,pull_request,12.3;14.8,2.0,14.8
35033620814,2026-09-15T22:59:47Z,merge_group,18.6;15.8,1.9,18.6
35035139236,2026-09-15T23:19:31Z,push,17.6;18.4,1.9,18.4
35123284340,2026-09-16T16:39:31Z,merge_group,11.4;9.2,0.6,11.4
35124618807,2026-09-16T16:52:11Z,merge_group,11.7;9.3,1.6,11.7
35126215979,2026-09-16T17:07:32Z,push,10.7;9.9,1.7,10.7
35127786639,2026-09-16T17:22:34Z,pull_request,11.7;9.4,2.0,11.7
35129339183,2026-09-16T17:37:28Z,merge_group,11.4;9.2,1.4,11.4
35131173129,2026-09-16T17:55:29Z,push,10.5;9.2,1.4,10.5
35151028317,2026-09-16T21:12:08Z,pull_request,11.1;8.5,1.7,11.1
35152046938,2026-09-16T21:22:45Z,pull_request,11.2;9.4,1.8,11.2
35152449225,2026-09-16T21:27:04Z,merge_group,10.8;9.2,1.7,10.8
35153398614,2026-09-16T21:37:25Z,merge_group,11.4;9.5,1.7,11.4
35153858171,2026-09-16T21:42:32Z,push,10.9;9.8,1.9,10.9
35154722994,2026-09-16T21:52:16Z,push,10.8;9.6,1.7,10.8
35253113664,2026-09-17T17:30:05Z,pull_request,10.7;9.3,2.1,10.7
35254567145,2026-09-17T17:44:31Z,merge_group,10.8;9.3,1.9,10.8
35254567482,2026-09-17T17:44:31Z,pull_request,11.1;9.2,0.7,11.1
35256063413,2026-09-17T17:59:24Z,push,10.7;9.4,1.9,10.7
35256069675,2026-09-17T17:59:28Z,merge_group,10.7;9.5,0.8,10.7
35257617889,2026-09-17T18:14:33Z,push,11.0;9.3,0.7,11.0
35267217398,2026-09-17T19:50:07Z,pull_request,11.7;9.0,1.8,11.7
35267880532,2026-09-17T19:56:58Z,pull_request,10.8;9.3,0.7,10.8
35268717596,2026-09-17T20:05:26Z,merge_group,11.2;8.5,0.7,11.2
35270252151,2026-09-17T20:20:52Z,push,11.5;9.7,0.8,11.5
35270769315,2026-09-17T20:26:01Z,merge_group,10.5;9.1,0.7,10.5
35272258958,2026-09-17T20:40:49Z,push,11.2;9.7,0.6,11.2
35333249389,2026-09-18T10:09:27Z,push,12.6;16.6,11.2,16.6
35333587792,2026-09-18T10:13:21Z,pull_request,12.5;16.1,0.7,16.1
35335100489,2026-09-18T10:31:12Z,merge_group,13.2;17.4,0.7,17.4
35336751718,2026-09-18T10:51:17Z,pull_request,12.6;17.5,0.6,17.5
35339767009,2026-09-18T11:28:00Z,merge_group,14.1;17.2,0.6,17.2
35341272056,2026-09-18T11:46:21Z,push,13.7;17.2,0.6,17.2
35345592745,2026-09-18T12:36:44Z,pull_request,12.4;18.5,11.8,18.5
35371165141,2026-09-18T16:53:54Z,pull_request,12.7;17.6,11.4,17.6
35374884581,2026-09-18T17:31:52Z,merge_group,13.1;17.8,13.1,17.8
35379527458,2026-09-18T18:19:41Z,pull_request,13.0;18.7,12.2,18.7
35381476721,2026-09-18T18:39:43Z,merge_group,12.9;17.6,11.5,17.6
35383288978,2026-09-18T18:58:38Z,push,13.1;18.1,11.6,18.1
35471354537,2026-09-19T21:45:26Z,pull_request,12.9;18.1,0.6,18.1
35471983043,2026-09-19T21:58:49Z,merge_group,12.7;17.1,12.3,17.1
35472680820,2026-09-19T22:13:04Z,merge_group,12.7;17.0,0.7,17.0
35472706052,2026-09-19T22:13:35Z,merge_group,12.4;17.3,0.8,17.3
35473818528,2026-09-19T22:36:32Z,push,12.3;16.5,0.8,16.5
35473940515,2026-09-19T22:39:10Z,push,12.7;18.1,0.8,18.1
35474047442,2026-09-19T22:41:26Z,pull_request,12.6;16.9,11.3,16.9
35474783735,2026-09-19T22:57:54Z,pull_request,12.5;17.6,12.0,17.6
35475074247,2026-09-19T23:04:08Z,merge_group,12.1;17.3,11.6,17.3
35476385218,2026-09-19T23:32:09Z,pull_request,12.8;18.2,0.6,18.2
35476861882,2026-09-19T23:42:52Z,pull_request,12.5;17.7,12.9,17.7
35477535746,2026-09-19T23:58:45Z,pull_request,11.8;26.8,0.5,26.8
35525869933,2026-09-20T17:26:28Z,pull_request,13.1;18.2,12.2,18.2
35526211832,2026-09-20T17:32:56Z,merge_group,12.9;17.7,10.9,17.7
35526964700,2026-09-20T17:47:11Z,merge_group,13.9;18.2,12.0,18.2
35527181220,2026-09-20T17:51:13Z,merge_group,13.1;17.3,12.0,17.3
35527464374,2026-09-20T17:56:45Z,push,13.6;17.4,12.0,17.4
35528258994,2026-09-20T18:11:34Z,push,13.1;17.0,11.4,17.0
35528473521,2026-09-20T18:15:29Z,push,12.8;17.0,13.2,17.0
35528744157,2026-09-20T18:20:32Z,pull_request,12.8;17.1,11.6,17.1
35538240661,2026-09-20T21:17:30Z,pull_request,12.7;17.9,11.4,17.9
35541252687,2026-09-20T22:18:16Z,pull_request,12.3;17.8,12.1,17.8
35545229851,2026-09-20T23:38:17Z,pull_request,13.1;16.5,11.2,16.5
35545255029,2026-09-20T23:38:45Z,pull_request,13.2;22.1,12.2,22.1
35663534003,2026-09-21T22:36:18Z,pull_request,12.1;16.1,0.6,16.1
35664278228,2026-09-21T22:45:15Z,merge_group,13.0;16.6,0.7,16.6
35664726209,2026-09-21T22:50:40Z,merge_group,13.1;18.0,0.7,18.0
35666451715,2026-09-21T23:12:09Z,merge_group,12.9;17.7,0.8,17.7
35666465261,2026-09-21T23:12:19Z,pull_request,13.2;18.0,11.2,18.0
35666574348,2026-09-21T23:13:44Z,merge_group,12.3;17.8,0.7,17.8
35666687110,2026-09-21T23:15:05Z,pull_request,12.3;17.7,11.8,17.7
35666796271,2026-09-21T23:16:26Z,pull_request,12.8;17.8,12.1,17.8
35668369577,2026-09-21T23:36:59Z,merge_group,13.0;16.9,0.7,16.9
35668516517,2026-09-21T23:38:57Z,merge_group,12.2;17.8,0.8,17.8
35669032288,2026-09-21T23:45:55Z,pull_request,12.9;17.4,11.1,17.4
35669800376,2026-09-21T23:56:26Z,pull_request,12.9;18.9,12.4,18.9
35783783167,2026-09-22T20:59:13Z,pull_request,12.9;17.8,12.3,17.8
35784357215,2026-09-22T21:04:36Z,merge_group,13.3;17.6,0.8,17.6
35784635536,2026-09-22T21:07:11Z,pull_request,12.3;16.6,11.5,16.6
35785006752,2026-09-22T21:10:40Z,merge_group,12.2;18.2,11.5,18.2
35785332643,2026-09-22T21:13:47Z,merge_group,12.2;17.9,0.8,17.9
35785937342,2026-09-22T21:19:35Z,merge_group,13.4;17.3,12.5,17.3
35786175288,2026-09-22T21:21:52Z,merge_group,13.0;16.9,2.3,16.9
35786176408,2026-09-22T21:21:53Z,merge_group,12.7;17.9,11.3,17.9
35786501154,2026-09-22T21:24:56Z,merge_group,12.6;17.9,12.0,17.9
35789319575,2026-09-22T21:53:51Z,push,12.6;10.4,11.8,12.6
35789347257,2026-09-22T21:54:07Z,push,13.2;17.5,11.9,17.5
35799166589,2026-09-22T23:48:29Z,pull_request,13.2;16.9,12.2,16.9
35926403007,2026-09-23T22:06:02Z,merge_group,13.1;16.5,0.9,16.5
35927355765,2026-09-23T22:15:58Z,merge_group,12.4;17.1,13.0,17.1
35927592916,2026-09-23T22:18:26Z,merge_group,12.4;18.1,0.8,18.1
35927921809,2026-09-23T22:21:54Z,merge_group,12.6;16.7,14.5,16.7
35928736345,2026-09-23T22:30:38Z,merge_group,14.9;18.2,1.0,18.2
35928737852,2026-09-23T22:30:39Z,merge_group,12.8;17.1,13.4,17.1
35928741350,2026-09-23T22:30:41Z,merge_group,13.1;18.8,13.0,18.8
35928879153,2026-09-23T22:32:13Z,merge_group,13.2;17.1,0.7,17.1
35929554526,2026-09-23T22:39:39Z,merge_group,13.2;17.6,13.8,17.6
35929556477,2026-09-23T22:39:41Z,merge_group,13.4;16.4,0.8,16.4
35929559397,2026-09-23T22:39:42Z,merge_group,13.1;16.9,14.8,16.9
35934620384,2026-09-23T23:38:48Z,pull_request,13.3;18.0,0.6,18.0
36063868210,2026-09-24T21:49:30Z,pull_request,14.9;16.5,0.5,16.5
36063898201,2026-09-24T21:49:48Z,merge_group,13.4;18.4,15.6,18.4
36064074214,2026-09-24T21:51:34Z,merge_group,13.3;17.1,16.3,17.1
36064080168,2026-09-24T21:51:37Z,merge_group,12.4;16.7,15.7,16.7
36064441937,2026-09-24T21:55:21Z,pull_request,13.0;17.1,15.9,17.1
36064820297,2026-09-24T21:59:20Z,pull_request,13.7;17.0,16.0,17.0
36065048835,2026-09-24T22:01:38Z,merge_group,13.7;17.5,16.8,17.5
36067164978,2026-09-24T22:23:39Z,merge_group,12.8;17.9,16.1,17.9
36067196996,2026-09-24T22:23:59Z,merge_group,13.6;18.5,15.6,18.5
36068657022,2026-09-24T22:39:30Z,merge_group,14.8;18.4,0.6,18.4
36068861906,2026-09-24T22:41:43Z,merge_group,13.0;16.4,1.3,16.4
36071867443,2026-09-24T23:16:13Z,pull_request,13.4;17.1,15.4,17.1
36108171355,2026-09-25T07:32:38Z,merge_group,15.5;17.8,16.4,17.8
36136331306,2026-09-25T12:40:56Z,merge_group,15.3;15.9,14.3,15.9
36139399617,2026-09-25T13:11:30Z,pull_request,15.1;19.9,16.1,19.9
36148873497,2026-09-25T14:38:49Z,pull_request,15.3;18.9,16.9,18.9
36148929340,2026-09-25T14:39:20Z,merge_group,15.0;15.5,13.6,15.5
36151658757,2026-09-25T15:03:51Z,merge_group,15.4;16.6,17.5,17.5
36151713303,2026-09-25T15:04:20Z,merge_group,14.4;19.1,14.5,19.1
36156139165,2026-09-25T15:43:53Z,merge_group,10.9;19.3,0.8,19.3
36156446028,2026-09-25T15:46:34Z,pull_request,12.8;17.9,16.1,17.9
36167740008,2026-09-25T17:32:12Z,merge_group,15.6;19.2,13.8,19.2
36170877940,2026-09-25T18:02:22Z,pull_request,12.8;18.2,0.8,18.2
36170888534,2026-09-25T18:02:28Z,pull_request,14.9;16.2,14.7,16.2
36279791834,2026-09-26T23:32:58Z,merge_group,14.4;18.5,20.0,20.0
36279792333,2026-09-26T23:32:59Z,merge_group,16.3;20.8,1.0,20.8
36279947029,2026-09-26T23:35:58Z,pull_request,16.6;22.8,1.1,22.8
36279948171,2026-09-26T23:36:00Z,pull_request,11.7;19.4,21.1,21.1
36279950748,2026-09-26T23:36:03Z,workflow_dispatch,14.8;19.6,20.8,20.8
36280097974,2026-09-26T23:38:59Z,pull_request,14.8;19.9,16.4,19.9
36280112809,2026-09-26T23:39:16Z,merge_group,17.4;19.3,19.5,19.5
36280291666,2026-09-26T23:42:46Z,merge_group,17.1;20.2,0.8,20.2
36280292082,2026-09-26T23:42:46Z,merge_group,16.6;21.0,0.9,21.0
36280454741,2026-09-26T23:45:58Z,workflow_dispatch,14.9;18.7,17.0,18.7
36280640215,2026-09-26T23:49:43Z,merge_group,16.0;20.5,0.9,20.5
36280942024,2026-09-26T23:55:48Z,workflow_dispatch,12.5;18.4,16.6,18.4
36338599388,2026-09-27T17:53:16Z,pull_request,16.7;21.3,3.4,21.3
36339133799,2026-09-27T18:02:07Z,merge_group,18.9;22.0,27.0,27.0
36339894364,2026-09-27T18:14:17Z,pull_request,19.8;21.8,27.6,27.6
36340931219,2026-09-27T18:30:56Z,pull_request,19.0;22.4,25.3,25.3
36348265600,2026-09-27T20:30:12Z,pull_request,16.0;22.0,26.8,26.8
36348954967,2026-09-27T20:41:21Z,pull_request,20.1;23.6,28.9,28.9
36349096705,2026-09-27T20:43:42Z,pull_request,18.9;19.3,26.4,26.4
36349856859,2026-09-27T20:56:21Z,pull_request,14.1;15.3,29.3,29.3
36354291319,2026-09-27T22:09:23Z,pull_request,14.2;21.1,29.2,29.2
36354863646,2026-09-27T22:19:03Z,pull_request,17.9;15.1,25.7,25.7
36355920968,2026-09-27T22:37:19Z,pull_request,19.0;22.0,3.7,22.0
36360067729,2026-09-27T23:51:07Z,pull_request,20.1;22.5,27.4,27.4
36362444801,2026-09-28T00:30:10Z,merge_group,18.9;21.4,3.3,21.4
36362665033,2026-09-28T00:33:48Z,merge_group,15.5;21.7,25.6,25.6
36363199991,2026-09-28T00:42:37Z,pull_request,18.8;22.0,26.2,26.2
36366193483,2026-09-28T01:29:57Z,merge_group,18.9;21.6,26.3,26.3
36451186947,2026-09-28T16:27:39Z,pull_request,19.4;21.7,26.7,26.7
36485632451,2026-09-28T21:22:14Z,merge_group,18.8;20.1,26.1,26.1
36627769343,2026-09-29T20:38:29Z,merge_group,20.3;16.1,26.6,26.6
36632851188,2026-09-29T21:22:38Z,pull_request,19.0;23.8,26.7,26.7
36634645194,2026-09-29T21:38:44Z,pull_request,19.8;16.6,26.6,26.6
36635825137,2026-09-29T21:49:44Z,pull_request,19.3;21.2,26.5,26.5
36635855319,2026-09-29T21:50:02Z,merge_group,16.2;19.1,29.6,29.6
36636165708,2026-09-29T21:53:00Z,pull_request,19.0;22.8,1.2,22.8
36636204997,2026-09-29T21:53:21Z,pull_request,19.8;22.0,26.9,26.9
36637445403,2026-09-29T22:05:22Z,merge_group,18.1;22.3,27.6,27.6
36637496307,2026-09-29T22:05:51Z,pull_request,19.4;21.9,1.0,21.9
36637505239,2026-09-29T22:05:56Z,merge_group,19.3;21.7,1.1,21.7
36638593591,2026-09-29T22:16:35Z,merge_group,16.1;21.7,1.0,21.7
36640591345,2026-09-29T22:36:43Z,merge_group,14.2;23.4,1.1,23.4
36748031050,2026-09-30T16:58:01Z,merge_group,18.8;19.9,25.6,25.6
36753513496,2026-09-30T17:44:07Z,merge_group,20.1;23.5,26.2,26.2
36758938188,2026-09-30T18:29:26Z,pull_request,19.6;21.5,26.6,26.6
36759003744,2026-09-30T18:29:58Z,merge_group,21.0;23.5,26.8,26.8
36764304389,2026-09-30T19:14:42Z,merge_group,17.0;22.6,26.1,26.1
36771657025,2026-09-30T20:18:11Z,pull_request,13.2;19.6,26.2,26.2
36771681275,2026-09-30T20:18:23Z,pull_request,19.3;24.9,25.6,25.6
36771694486,2026-09-30T20:18:30Z,pull_request,19.0;25.2,26.9,26.9
36771736619,2026-09-30T20:18:52Z,pull_request,20.3;21.3,27.8,27.8
36771759834,2026-09-30T20:19:04Z,pull_request,18.9;19.9,25.9,25.9
36776244654,2026-09-30T20:57:40Z,pull_request,20.0;24.2,27.4,27.4
36776276751,2026-09-30T20:57:59Z,merge_group,15.6;22.7,26.9,26.9
36807794880,2026-10-01T02:51:28Z,merge_group,19.6;22.4,27.1,27.1
36808011123,2026-10-01T02:54:16Z,merge_group,19.2;21.7,26.4,26.4
36808261080,2026-10-01T02:57:31Z,pull_request,19.6;21.9,26.9,26.9
36811247099,2026-10-01T03:35:57Z,pull_request,17.0;21.5,28.2,28.2
36812038550,2026-10-01T03:46:19Z,pull_request,19.6;21.1,26.7,26.7
36815044684,2026-10-01T04:25:25Z,pull_request,19.2;22.4,26.1,26.1
36815059577,2026-10-01T04:25:36Z,pull_request,16.4;23.1,26.3,26.3
36815082037,2026-10-01T04:25:54Z,merge_group,13.6;19.5,27.4,27.4
36815630516,2026-10-01T04:32:54Z,pull_request,17.5;21.6,26.4,26.4
36820691130,2026-10-01T05:37:50Z,pull_request,16.4;22.6,25.6,25.6
37159185869,2026-10-03T22:39:37Z,pull_request,16.3;22.2,14.8,22.2
37159203754,2026-10-03T22:39:58Z,pull_request,18.1;23.8,26.2,26.2
37159344782,2026-10-03T22:42:27Z,pull_request,20.4;20.5,0.6,20.5
37160476219,2026-10-03T23:02:53Z,merge_group,19.4;16.6,10.9,19.4
37160579055,2026-10-03T23:04:46Z,merge_group,16.4;22.2,26.5,26.5
37160815129,2026-10-03T23:08:57Z,pull_request,13.9;19.5,0.7,19.5
37161721398,2026-10-03T23:25:22Z,pull_request,15.9;26.1,3.7,26.1
37161869666,2026-10-03T23:28:12Z,push,18.6;22.2,26.8,26.8
37161942151,2026-10-03T23:29:36Z,merge_group,16.7;22.1,0.6,22.1
37162336717,2026-10-03T23:36:50Z,pull_request,18.9;19.8,26.5,26.5
37163193252,2026-10-03T23:53:26Z,pull_request,19.0;21.1,26.4,26.4
37163421966,2026-10-03T23:57:56Z,merge_group,20.0;23.3,15.1,23.3
37240794974,2026-10-04T22:38:41Z,merge_group,21.3;22.2,28.1,28.1
37241488039,2026-10-04T22:49:42Z,merge_group,21.9;23.7,27.4,27.4
37241648413,2026-10-04T22:52:14Z,pull_request,16.7;22.3,28.2,28.2
37241741598,2026-10-04T22:53:46Z,merge_group,17.4;21.8,1.1,21.8
37241945910,2026-10-04T22:57:09Z,merge_group,21.3;23.4,28.9,28.9
37244646729,2026-10-04T23:41:09Z,merge_group,21.5;20.5,1.0,21.5
37244772946,2026-10-04T23:43:17Z,pull_request,21.0;24.1,28.4,28.4
37244858760,2026-10-04T23:44:46Z,pull_request,17.5;22.1,28.9,28.9
37245036826,2026-10-04T23:47:41Z,pull_request,20.6;16.0,27.3,27.3
37245048895,2026-10-04T23:47:55Z,pull_request,21.1;22.2,30.0,30.0
37245301118,2026-10-04T23:52:09Z,pull_request,20.6;23.7,26.9,26.9
37245465105,2026-10-04T23:55:01Z,pull_request,21.5;17.4,1.0,21.5
37358340179,2026-10-05T18:45:20Z,merge_group,18.9;22.5,2.0,22.5
37359774363,2026-10-05T18:56:44Z,merge_group,16.9;17.0,29.5,29.5
37359777967,2026-10-05T18:56:45Z,pull_request,23.1;15.6,30.8,30.8
37360214157,2026-10-05T19:00:17Z,merge_group,21.8;20.0,4.7,21.8
37372588611,2026-10-05T20:54:09Z,pull_request,21.5;21.2,0.6,21.5
37378475658,2026-10-05T21:49:51Z,pull_request,18.4;24.9,1.5,24.9
37380652660,2026-10-05T22:09:41Z,merge_group,23.1;22.6,0.7,23.1
37381384705,2026-10-05T22:16:23Z,merge_group,18.0;23.1,1.6,23.1
37384663416,2026-10-05T22:47:15Z,pull_request,15.7;21.8,34.7,34.7
37384786042,2026-10-05T22:48:28Z,pull_request,20.6;19.8,0.6,20.6
37387026556,2026-10-05T23:11:15Z,merge_group,23.1;23.8,0.6,23.8
37388228763,2026-10-05T23:23:41Z,merge_group,21.4;18.8,35.5,35.5
37517334280,2026-10-06T19:13:29Z,merge_group,22.2;27.6,22.9;20.4;21.1,27.6
37518342743,2026-10-06T19:21:24Z,pull_request,21.8;30.4,22.4;20.8;20.4,30.4
37518752079,2026-10-06T19:24:39Z,pull_request,22.6;28.1,22.6;19.4;22.1,28.1
37520025895,2026-10-06T19:34:48Z,pull_request,22.3;24.2,22.7;21.4;19.6,24.2
37523171066,2026-10-06T20:00:33Z,merge_group,13.6;27.1,21.7;20.8;19.9,27.1
37527098967,2026-10-06T20:31:30Z,pull_request,21.4;24.3,24.1;19.7;21.5,24.3
37537223461,2026-10-06T21:55:25Z,pull_request,21.3;28.7,22.6;20.7;20.8,28.7
37538046654,2026-10-06T22:02:54Z,pull_request,21.2;27.1,22.6;20.6;22.1,27.1
37538080026,2026-10-06T22:03:12Z,merge_group,20.5;28.9,21.2;20.0;20.3,28.9
37540450660,2026-10-06T22:25:09Z,merge_group,18.1;27.1,23.0;19.9;20.6,27.1
37542229020,2026-10-06T22:42:03Z,pull_request,20.0;23.6,23.3;20.7;20.3,23.6
37542380074,2026-10-06T22:43:31Z,workflow_dispatch,16.0;29.8,21.9;19.9;19.3,29.8
37554001916,2026-10-07T00:49:53Z,merge_group,23.3;26.2,23.6;21.0;21.0,26.2
37555157282,2026-10-07T01:03:19Z,merge_group,21.4;26.4,23.3;22.0;20.1,26.4
37556416575,2026-10-07T01:18:18Z,pull_request,17.2;26.6,22.0;20.9;19.6,26.6
37556765608,2026-10-07T01:22:29Z,pull_request,13.9;27.9,24.1;21.0;18.9,27.9
37558755985,2026-10-07T01:46:32Z,merge_group,20.8;27.8,21.4;22.1;18.7,27.8
37559698722,2026-10-07T01:58:19Z,pull_request,21.6;27.7,21.8;20.6;20.4,27.7
37561518188,2026-10-07T02:20:32Z,pull_request,17.1;22.3,21.7;22.6;21.0,22.6
37562060742,2026-10-07T02:27:24Z,merge_group,20.6;30.4,22.6;25.1;20.1,30.4
37565147039,2026-10-07T03:05:53Z,pull_request,20.6;19.7,21.7;22.0;20.5,22.0
37565201195,2026-10-07T03:06:32Z,pull_request,21.6;28.2,21.7;21.3;20.5,28.2
37565577860,2026-10-07T03:11:20Z,pull_request,21.5;28.1,22.3;20.6;20.3,28.1
37566979972,2026-10-07T03:29:27Z,merge_group,14.1;28.8,23.2;20.6;19.2,28.8
37569458756,2026-10-07T04:01:21Z,pull_request,21.2;21.4,22.0;23.0;21.9,23.0
37569801969,2026-10-07T04:05:40Z,pull_request,20.7;29.1,22.6;20.2;20.5,29.1
37571225391,2026-10-07T04:23:31Z,pull_request,25.7;22.9,0.1,25.7
37572247147,2026-10-07T04:36:08Z,merge_group,20.2;27.8,22.4;19.9;19.9,27.8
37575328649,2026-10-07T05:14:25Z,pull_request,11.4;16.6;14.1,23.1;20.4;19.7,23.1
37578594673,2026-10-07T05:53:44Z,pull_request,20.9;20.9,22.6;19.9;21.3,22.6
37578782118,2026-10-07T05:55:54Z,pull_request,14.3;16.4;15.9,17.7;16.5;15.5;14.4,17.7
37580491771,2026-10-07T06:15:05Z,merge_group,10.8;17.8;15.3,0.1,17.8
37630636854,2026-10-07T13:42:23Z,pull_request,17.6;16.9;12.0,0.1,17.6
37631501773,2026-10-07T13:48:49Z,pull_request,15.3;11.0;14.5,17.1;16.7;14.9;15.1,17.1
37634634689,2026-10-07T14:11:31Z,pull_request,11.5;17.3;16.4,0.1,17.3
37635980176,2026-10-07T14:21:16Z,pull_request,13.6;18.2;16.6,0.0,18.2
37637618641,2026-10-07T14:32:57Z,merge_group,14.2;16.6;16.4,0.1,16.6
37642516760,2026-10-07T15:17:07Z,pull_request,17.6;17.4;15.3,0.0,17.6
37685937725,2026-10-07T20:57:38Z,pull_request,16.6;16.2;14.7,18.1;16.8;16.1;16.0,18.1
37687218802,2026-10-07T21:08:10Z,pull_request,16.5;16.8;17.3,18.6;15.8;14.6;15.7,18.6
37687220116,2026-10-07T21:08:10Z,workflow_dispatch,16.7;11.6;13.7,18.7;16.3;14.5;14.8,18.7
37687707711,2026-10-07T21:12:13Z,merge_group,11.1;15.4;17.0,0.0,17.0
37689615680,2026-10-07T21:28:11Z,merge_group,16.4;16.8;15.7,17.2;16.1;13.9;14.7,17.2
37692237197,2026-10-07T21:50:51Z,pull_request,12.6;16.6;16.9,0.8,16.9
37694328379,2026-10-07T22:09:27Z,merge_group,15.3;16.7;14.3,0.8,16.7
37697377052,2026-10-07T22:37:39Z,pull_request,17.0;11.9;16.7,17.1;16.9;13.8;13.8,17.1
37697403194,2026-10-07T22:37:54Z,workflow_dispatch,18.5;17.0;16.5,16.9;18.1;15.9;14.5,18.5
37699335878,2026-10-07T22:56:50Z,merge_group,16.8;13.0;16.0,17.1;16.0;15.1;15.0,17.1
37703179139,2026-10-07T23:35:58Z,pull_request,13.3;10.9;17.2,17.4;16.2;14.8;14.5,17.4
37705028273,2026-10-07T23:56:04Z,merge_group,14.4;16.2;16.4,17.1;16.9;14.5;14.4,17.1
37719262473,2026-10-08T02:43:29Z,pull_request,16.4;16.6;16.6,1.1,16.6
37720396888,2026-10-08T02:57:28Z,merge_group,16.8;14.5;16.9,5.6,16.9
37720505144,2026-10-08T02:58:52Z,pull_request,16.5;16.2;16.3,1.4,16.5
37722565318,2026-10-08T03:24:25Z,pull_request,16.5;17.9;17.1,17.1;16.2;16.6;15.2,17.9
37722812632,2026-10-08T03:27:33Z,merge_group,16.4;13.4;11.5,1.6,16.4
37722876479,2026-10-08T03:28:22Z,pull_request,15.7;12.6;18.4,5.7,18.4
37724091730,2026-10-08T03:43:44Z,merge_group,16.4;18.4;13.9,18.0;16.7;15.3;16.6,18.4
37795494825,2026-10-08T14:48:31Z,merge_group,14.5;12.9;16.6,1.8,16.6
37796092495,2026-10-08T14:52:50Z,pull_request,12.2;17.6;16.4,1.8,17.6
37798963512,2026-10-08T15:13:33Z,pull_request,11.7;17.4;14.8,17.1;16.2;14.6;16.1,17.4
37799086254,2026-10-08T15:14:26Z,merge_group,13.9;14.0;16.4,1.6,16.4
37801881852,2026-10-08T15:34:30Z,merge_group,16.9;19.2;16.9,17.6;16.5;16.7;15.5,19.2
37948256446,2026-10-09T14:58:58Z,pull_request,16.7;19.0;15.6,18.3;17.1;17.5;15.4,19.0
37950885133,2026-10-09T15:19:37Z,merge_group,11.1;15.0;16.9,18.5;16.5;16.4;15.4,18.5
