# The comment-block ratchet's baseline: milestone 860 (comments state the constraint as it is now),
# for §267 (a comment states the constraint as it is now).
# One row per comment block over the 40-line cap when it was written: the file and the block's
# first line (with `#2`, `#3`... only where two over-cap blocks would start at one line), then the
# block's lines. A number is a ceiling that may only go DOWN: lower it with
# `python3 helpers/comment_block_ratchet.py --bank`, which never raises and never adds. A row goes,
# in the same change that takes its block to 40 lines or below, or deletes it; a row may not be
# added and a number may not rise (script/lint compares against the merge base, matching rows in
# line order per file, so a shrink that shifts later blocks moves their rows in the same change).
# A rename moves its rows in the same change, at the same numbers. A block that must exceed its row
# needs §267 amended by an architect, not an edit here.
block	lines
components/src/clock.rs:1	51
components/src/console.rs:1	79
components/src/credentialer.rs:1	126
components/src/date.rs:1	96
components/src/disk_partitioner.rs:1	105
components/src/disk_surveyor.rs:1	79
components/src/display_terminal.rs:1	60
components/src/entropy.rs:1	120
components/src/framebuffer_driver.rs:1	75
components/src/fs_file_caretaker.rs:1	53
components/src/fs_nameset_caretaker.rs:1	68
components/src/fs_subtree_caretaker.rs:1	68
components/src/gpu_driver.rs:1	58
components/src/graphical_terminal.rs:1	74
components/src/identity_provisioner.rs:1	103
components/src/jh7110_entropy.rs:1	112
components/src/job_undertaker.rs:1	86
components/src/keyboard_driver.rs:1	69
components/src/line_editor.rs:1	56
components/src/login.rs:1	177
components/src/login_audit_receiver.rs:1	65
components/src/mdr.rs:1	116
components/src/name_resolver.rs:1	92
components/src/net_stack.rs:1	58
components/src/network_time_client.rs:1	112
components/src/non_volatile_memory_express.rs:1	132
components/src/pgrep.rs:1	75
components/src/pmap.rs:1	67
components/src/printenv.rs:1	67
components/src/ps.rs:1	83
components/src/reboot.rs:1	50
components/src/rm.rs:1	54
components/src/rmle.rs:1	63
components/src/serial_driver.rs:1	42
components/src/socket_squatter.rs:1	44
components/src/socket_test_client.rs:1	53
components/src/swapper.rs:1	56
components/src/swish.rs:1	100
components/src/system_installer.rs:1	175
components/src/system_log.rs:1	80
components/src/terminal_sink_caretaker.rs:1	56
components/src/timetable.rs:1	191
components/src/top.rs:1	90
components/src/usb_keyboard_driver.rs:1	55
components/src/user_timetable_keeper.rs:1	69
components/src/uuid.rs:1	123
components/src/wc.rs:1	75
crates/abi/src/lib.rs:1	112
crates/abi/src/lib.rs:242	46
crates/abi/src/lib.rs:326	68
crates/activation_set/src/lib.rs:1	106
crates/address_space_identifier/src/lib.rs:1	72
crates/address_space_map/src/lib.rs:1	120
crates/argument_protocol/src/lib.rs:1	68
crates/bitmap_font/examples/specimen.rs:1	59
crates/bitmap_font/src/glyphs.rs:44	128
crates/bitmap_font/src/lib.rs:1	104
crates/block_roster/src/lib.rs:1	83
crates/board_console/src/board.rs:1	72
crates/board_console/src/exposure.rs:1	68
crates/board_console/src/lib.rs:1	176
crates/board_console/src/lottery.rs:1	51
crates/board_console/src/port.rs:1	52
crates/board_console/src/progress.rs:1	60
crates/board_console/src/screen.rs:1	62
crates/board_console/src/stop.rs:1	124
crates/boot_ladder/src/lib.rs:1	70
crates/boot_slot/src/lib.rs:1	154
crates/boot_slot/src/lib.rs:454	65
crates/byte_sink_protocol/src/lib.rs:1	135
crates/c_seam/src/lib.rs:2	89
crates/calendar/src/lib.rs:1	113
crates/capability/src/lib.rs:1	55
crates/capability_witness_protocol/src/lib.rs:1	83
crates/clock_protocol/src/lib.rs:1	118
crates/component_plan/src/lib.rs:1	158
crates/component_plan/src/lib.rs:849	46
crates/compositor/src/lib.rs:1	138
crates/coremark/src/lib.rs:1	53
crates/counter_frequency_protocol/src/lib.rs:1	154
crates/credential_protocol/src/lib.rs:1	135
crates/credentialer/src/lib.rs:1	132
crates/current_cpu_protocol/src/lib.rs:1	176
crates/designware_ethernet/src/lib.rs:2	110
crates/designware_mobile_storage/src/lib.rs:2	114
crates/device_tree_blob/src/lib.rs:1	42
crates/direct_memory_access_validator/src/lib.rs:1	109
crates/documentation/src/index.rs:1	74
crates/documentation/src/lib.rs:1	161
crates/domain_name_system/src/lib.rs:1	106
crates/e1000e/src/lib.rs:2	83
crates/e1000e/src/pch/mod.rs:1	92
crates/e1000e/src/pch/nvm.rs:1	47
crates/e1000e/src/pch/phy.rs:1	62
crates/e1000e/src/pch/sequence.rs:1	57
crates/elf/src/lib.rs:1	90
crates/elf/src/note.rs:1	58
crates/entropy_protocol/src/lib.rs:1	116
crates/environment_protocol/src/lib.rs:1	118
crates/extensible_host_controller_interface/src/lib.rs:2	87
crates/file_allocation_table/src/lib.rs:2	95
crates/filesystem_protocol/src/lib.rs:1	146
crates/filesystem_protocol/src/lib.rs:435	52
crates/filesystem_protocol/src/lib.rs:609	47
crates/filesystem_protocol/src/lib.rs:658	70
crates/filesystem_protocol/src/lib.rs:1235	45
crates/filesystem_protocol/src/lib.rs:1641	52
crates/filesystem_protocol/src/lib.rs:2089	45
crates/firmware_configuration/src/lib.rs:1	103
crates/free/src/lib.rs:1	54
crates/generational_table/src/lib.rs:1	68
crates/glob/src/lib.rs:1	153
crates/globally_unique_identifier_partition_table/src/lib.rs:1	136
crates/grant_plan/src/lib.rs:1	69
crates/grant_plan/src/line.rs:1	90
crates/grant_plan/src/nav.rs:1	48
crates/grant_plan/src/spawnproto.rs:1	104
crates/grant_plan/src/word.rs:1	79
crates/graphics_protocol/src/lib.rs:1	92
crates/http_response/src/lib.rs:1	69
crates/inter_process_communication/src/lib.rs:1	138
crates/inter_process_communication/src/notification.rs:1	73
crates/inter_process_communication/src/timer.rs:1	58
crates/intrusive_fifo/src/lib.rs:1	148
crates/jh7110_clock_and_reset/src/lib.rs:2	103
crates/jh7110_entropy/src/lib.rs:2	175
crates/jh7110_entropy/src/lib.rs:369	44
crates/jh7110_entropy/src/lib.rs:603	41
crates/job_mix/src/lib.rs:1	140
crates/line_editor/src/lib.rs:1	142
crates/loaded_image_check/src/lib.rs:1	76
crates/login_protocol/src/lib.rs:2	169
crates/machine_discovery/src/aarch64.rs:1	47
crates/machine_discovery/src/acpi.rs:1	61
crates/machine_discovery/src/acpi/ivrs.rs:1	47
crates/machine_discovery/src/framebuffer.rs:1	79
crates/machine_discovery/src/gic.rs:1	67
crates/machine_discovery/src/interrupt_id.rs:1	41
crates/machine_discovery/src/lib.rs:1	66
crates/machine_discovery/src/plic.rs:1	50
crates/machine_discovery/src/riscv64.rs:1	55
crates/machine_discovery/src/x86_64.rs:1	59
crates/machine_statistics_protocol/src/lib.rs:1	77
crates/manifest_note/src/lib.rs:1	110
crates/measured_boot/src/lib.rs:1	65
crates/measured_boot/src/lib.rs:518	49
crates/memory_corruption_canary_gate/src/lib.rs:1	107
crates/memory_regions/src/lib.rs:1	57
crates/memory_regions/src/table.rs:1	79
crates/memory_regions/src/table.rs:173	50
crates/memory_regions/src/table.rs:326	52
crates/memory_regions/src/table.rs:568	50
crates/name_resolution_protocol/src/lib.rs:1	83
crates/network_time_protocol/src/lib.rs:1	149
crates/nifefs/src/lib.rs:1	91
crates/non_volatile_memory_express/src/lib.rs:2	91
crates/package_archive/src/lib.rs:1	144
crates/page_frames/src/lib.rs:1	73
crates/paging/src/lib.rs:1	150
crates/pci/src/lib.rs:1	84
crates/pgrep/src/lib.rs:1	145
crates/pmap/src/lib.rs:1	96
crates/portable_executable/src/lib.rs:1	64
crates/ps/src/lib.rs:1	136
crates/schedule_store/src/lib.rs:1	76
crates/screen_console/src/lib.rs:1	160
crates/screen_console/src/lib.rs:176	48
crates/sealed_pair/src/lib.rs:1	97
crates/soak_page/src/lib.rs:1	54
crates/socket_protocol/src/lib.rs:2	158
crates/std_runtime_protocol/src/lib.rs:1	50
crates/stick_maker/src/lib.rs:1	51
crates/subtree_scope/src/lib.rs:1	42
crates/supervision_protocol/src/lib.rs:17	90
crates/swap_protocol/src/lib.rs:2	72
crates/swish/src/bare.rs:1	58
crates/swish/src/complete.rs:1	57
crates/swish/src/lib.rs:1	84
crates/swish/src/lib.rs:598	45
crates/swish/src/sequence.rs:1	82
crates/system_initializer/src/lib.rs:6	300
crates/system_initializer/src/lib.rs:1259	41
crates/system_initializer/src/lib.rs:3786	41
crates/system_log/src/lib.rs:1	96
crates/test_times/src/lib.rs:1	64
crates/thread_wake_handshake/src/lib.rs:1	131
crates/timetable/src/contract.rs:1	65
crates/timetable/src/lib.rs:1	82
crates/timetable/src/registration.rs:1	41
crates/top/src/lib.rs:1	106
crates/universally_unique_identifier/src/lib.rs:1	55
crates/uptime/src/lib.rs:1	68
crates/usb/src/lib.rs:2	80
crates/user_mode_heap/src/lib.rs:1	81
crates/user_mode_runtime/src/initrd.rs:1	56
crates/user_mode_runtime/src/lib.rs:1	146
crates/user_mode_runtime/src/lib.rs:157	45
crates/user_mode_runtime/src/lib.rs:1215	49
crates/user_mode_runtime/src/lib.rs:1274	62
crates/user_mode_runtime/src/lib.rs:1379	54
crates/user_mode_runtime/src/lib.rs:1638	47
crates/user_mode_runtime/src/mapped_window.rs:1	57
crates/video_terminal/src/lib.rs:1	130
crates/video_terminal/src/lib.rs:209	54
crates/virtio/src/lib.rs:2	72
crates/walk_pricing/src/lib.rs:1	49
crates/work_steal_slot/src/lib.rs:1	87
cryptography_exerciser/src/main.rs:1	67
cryptography_provider/src/lib.rs:1	82
entropy_backend/src/lib.rs:1	160
fixtures/src/c_confiner.rs:1	41
fixtures/src/chatty.rs:1	60
fixtures/src/credentialer_test_client.rs:1	45
fixtures/src/file_sink.rs:1	85
fixtures/src/file_source.rs:1	68
fixtures/src/greeting.rs:1	42
fixtures/src/hello.rs:1	57
fixtures/src/job_mix_task.rs:1	70
fixtures/src/login_test_client.rs:1	131
fixtures/src/network_time_test_server.rs:1	57
fixtures/src/outlaw.rs:1	52
fixtures/src/process_composition_witness.rs:1	93
fixtures/src/sink_transcript_writer.rs:1	62
fixtures/src/soaker.rs:1	107
fixtures/src/unreachable_network_witness.rs:1	69
fixtures/src/unwritable_clock_witness.rs:1	62
kernel/src/arch/aarch64/gic_cpu_interface.rs:1	55
kernel/src/arch/aarch64/mmu.rs:735	42
kernel/src/arch/aarch64/pmu.rs:1	78
kernel/src/arch/aarch64/timer.rs:1	55
kernel/src/arch/aarch64/timer.rs:258	47
kernel/src/arch/riscv64/fp.rs:1	44
kernel/src/arch/riscv64/instructions.rs:1	42
kernel/src/arch/riscv64/iommu.rs:1	54
kernel/src/arch/riscv64/pmu.rs:1	66
kernel/src/arch/x86_64/amd_vi.rs:1	125
kernel/src/arch/x86_64/ap_boot.rs:1	131
kernel/src/arch/x86_64/iommu.rs:1	164
kernel/src/arch/x86_64/irq.rs:1	106
kernel/src/arch/x86_64/irq.rs:1181	43
kernel/src/arch/x86_64/isa.rs:1	75
kernel/src/arch/x86_64/mmu.rs:1	116
kernel/src/arch/x86_64/mod.rs:567	44
kernel/src/arch/x86_64/pmu.rs:1	108
kernel/src/arch/x86_64/reset.rs:1	44
kernel/src/arch/x86_64/rtc.rs:1	61
kernel/src/arch/x86_64/tco.rs:1	73
kernel/src/arch/x86_64/timer.rs:1	117
kernel/src/bench.rs:589	64
kernel/src/bench.rs:1868	42
kernel/src/cap.rs:218	79
kernel/src/cap.rs:315	117
kernel/src/drivers/gic.rs:1	56
kernel/src/drivers/gicv3.rs:1	64
kernel/src/drivers/jh7110_clock_and_reset.rs:1	45
kernel/src/drivers/plic.rs:1	47
kernel/src/drivers/ramfb.rs:1	43
kernel/src/extensible_host_controller_interface.rs:1	41
kernel/src/fastpath_pad.rs:1	68
kernel/src/fp.rs:1	48
kernel/src/icount.rs:1	105
kernel/src/interrupt_stack.rs:1	56
kernel/src/ipc_stack_depth.rs:1	66
kernel/src/job_mix.rs:1	88
kernel/src/lock_wait.rs:1	50
kernel/src/memory.rs:468	43
kernel/src/memory_region.rs:57	57
kernel/src/network_bench.rs:1	46
kernel/src/retype_fault.rs:1	48
kernel/src/revoke.rs:443	44
kernel/src/revoke.rs:656	42
kernel/src/revoke.rs:940	56
kernel/src/sched.rs:148	95
kernel/src/sched.rs:693	45
kernel/src/sched.rs:2794	45
kernel/src/screen.rs:1	68
kernel/src/self_test.rs:1	66
kernel/src/soak.rs:1	130
kernel/src/stack.rs:166	43
kernel/src/sync.rs:1	47
kernel/src/sync.rs:55	64
kernel/src/syscall.rs:316	41
kernel/src/testing.rs:16	49
kernel/src/user.rs:337	46
kernel/src/user.rs:2286	52
kernel/src/user/e1000e_service.rs:1	54
kernel/src/user/holding.rs:1	56
kernel/src/user/install_service.rs:1	98
kernel/src/user/install_service.rs:263	76
kernel/src/user/non_volatile_memory_express_service.rs:1	81
kernel/src/user/usb_keyboard_service.rs:1	45
kernel/src/virtio.rs:597	92
patches/std-nife/overlay/std/src/sys/env/nife.rs:1	63
patches/std-nife/overlay/std/src/sys/fs/nife.rs:1	77
patches/std-nife/overlay/std/src/sys/net/connection/nife.rs:1	74
patches/std-nife/overlay/std/src/sys/pal/nife/rt.rs:1	74
patches/std-nife/overlay/std/src/sys/paths/nife.rs:1	87
patches/std-nife/overlay/std/src/sys/process/nife.rs:1	53
patches/std-nife/overlay/std/src/sys/random/nife.rs:1	41
pinned_tls_client/src/lib.rs:1	77
redoxfs_server/src/bin/mkfs.rs:1	73
redoxfs_server/src/crash.rs:1	46
redoxfs_server/src/lib.rs:1	41
redoxfs_server/src/lib.rs:1619	44
redoxfs_server/src/memo.rs:1	43
redoxfs_server/tests/crash_consistency.rs:1	42
system_tests/src/user.rs:487	41
system_tests/src/user/confined_fuzzer_tests.rs:1	95
system_tests/src/user/display_tests.rs:254	41
system_tests/src/user/entropy_tests.rs:253	53
system_tests/src/user/login_tests.rs:7	73
system_tests/src/user/revocation_in_flight_tests.rs:1	53
system_tests/src/user/revocation_window_tests.rs:1	41
system_tests/src/user/running_space_tests.rs:1	47
system_tests/src/user/scratch_window_tests.rs:1	45
system_tests/src/user/spawn_mapping_revocation_tests.rs:1	55
system_tests/src/user/std_tests.rs:309	54
system_tests/src/user/syscall_fuzzer_tests.rs:1	67
system_tests/src/user/tests.rs:649	43
system_tests/src/user/tests.rs:2767	42
uefi_loader/src/chooser.rs:1	132
uefi_loader/src/device_tree_from_acpi.rs:1	52
uefi_loader/src/image.rs:1	41
uefi_loader/src/main.rs:1	51
uefi_loader/src/screen.rs:1	47
xtask/src/archive.rs:439	50
xtask/src/boot_check.rs:9	94
xtask/src/confirm.rs:1	89
xtask/src/install.rs:1	64
xtask/src/package.rs:1	80
xtask/src/rollback.rs:1	76
xtask/src/suite.rs:1054	62
xtask/src/swish_check.rs:17	44
xtask/src/swish_check.rs:2076	43
xtask/src/swish_check.rs:3521	68
xtask/src/time_record.rs:1	67
