batch,boot_utc,foreign_qemu,load1,tasks,compute_jobs,compute_ticks,null_syscall_jobs,null_syscall_ticks,spawn_jobs,spawn_ticks,jpm_median,exit
2,2026-10-05T14:40:57Z,0,1.89,1,336,217733,336,17839,336,15214612,211359,0
2,2026-10-05T14:40:57Z,0,1.89,2,672,452258,672,35701,672,2465437,3119547,0
2,2026-10-05T14:40:57Z,0,1.89,3,1008,722164,1008,55697,1008,2090010,8451815,0
2,2026-10-05T14:40:57Z,0,1.89,4,1344,981693,1344,78404,1344,2518495,9928493,0
2,2026-10-05T14:41:13Z,0,1.71,1,336,215064,336,17782,336,20627290,158259,0
2,2026-10-05T14:41:13Z,0,1.71,2,672,446680,672,35601,672,5274424,1989250,0
2,2026-10-05T14:41:13Z,0,1.71,3,1008,716494,1008,56314,1008,2014750,8852033,0
2,2026-10-05T14:41:13Z,0,1.71,4,1344,975818,1344,79141,1344,3010447,9916074,0
2,2026-10-05T14:41:30Z,0,1.71,1,336,216085,336,17717,336,19488426,162829,0
2,2026-10-05T14:41:30Z,0,1.71,2,672,448916,672,34652,672,4475363,1773381,0
2,2026-10-05T14:41:30Z,0,1.71,3,1008,718342,1008,56781,1008,3017986,3141853,0
2,2026-10-05T14:41:30Z,0,1.71,4,1344,969272,1344,79154,1344,3114795,10139868,0
2,2026-10-05T14:42:11Z,0,1.62,1,336,216901,336,17583,336,20119854,157696,0
2,2026-10-05T14:42:11Z,0,1.62,2,672,452546,672,36066,672,3704762,2068756,0
2,2026-10-05T14:42:11Z,0,1.62,3,1008,719974,1008,56657,1008,3684785,2496275,0
2,2026-10-05T14:42:11Z,0,1.62,4,1344,984908,1344,78476,1344,3211310,9919276,0
2,2026-10-05T14:42:27Z,0,1.71,1,336,218406,336,17735,336,17553722,169336,0
2,2026-10-05T14:42:27Z,0,1.71,2,672,452019,672,35223,672,3132721,2148627,0
2,2026-10-05T14:42:27Z,0,1.71,3,1008,716621,1008,56151,1008,2954738,8818576,0
2,2026-10-05T14:42:27Z,0,1.71,4,1344,972138,1344,76491,1344,2353735,10224946,0
2,2026-10-05T14:42:44Z,0,1.71,1,336,216781,336,17712,336,19921257,157575,0
2,2026-10-05T14:42:44Z,0,1.71,2,672,451928,672,35934,672,2750053,3787332,0
2,2026-10-05T14:42:44Z,0,1.71,3,1008,716639,1008,56289,1008,2770167,8613889,0
2,2026-10-05T14:42:44Z,0,1.71,4,1344,973951,1344,78948,1344,3073710,8691982,0
2,2026-10-05T14:43:25Z,0,2.52,1,336,216109,336,17913,336,20128584,168316,0
2,2026-10-05T14:43:25Z,0,2.52,2,672,451849,672,35132,672,5553875,1135268,0
2,2026-10-05T14:43:25Z,0,2.52,3,1008,712691,1008,57855,1008,2356492,7481227,0
2,2026-10-05T14:43:25Z,0,2.52,4,1344,983936,1344,76376,1344,2619762,9947381,0
2,2026-10-05T14:43:42Z,0,2.33,1,336,218330,336,17850,336,17595118,176138,0
2,2026-10-05T14:43:42Z,0,2.33,2,672,452055,672,35301,672,3603710,1929375,0
2,2026-10-05T14:43:42Z,0,2.33,3,1008,716359,1008,56974,1008,2132929,8624368,0
2,2026-10-05T14:43:42Z,0,2.33,4,1344,972774,1344,77688,1344,2969521,8707688,0
2,2026-10-05T14:43:58Z,0,2.33,1,336,217137,336,17635,336,19954056,155350,0
2,2026-10-05T14:43:58Z,0,2.33,2,672,451844,672,35132,672,3185462,2277031,0
2,2026-10-05T14:43:58Z,0,2.33,3,1008,716207,1008,55549,1008,2618412,8764760,0
2,2026-10-05T14:43:58Z,0,2.33,4,1344,982234,1344,78009,1344,3386237,9837876,0
2,2026-10-05T14:44:39Z,0,2.29,1,336,217327,336,17379,336,20504226,152892,0
2,2026-10-05T14:44:39Z,0,2.29,2,672,450733,672,34938,672,2683200,6071146,0
2,2026-10-05T14:44:39Z,0,2.29,3,1008,715726,1008,55310,1008,2799437,8474612,0
2,2026-10-05T14:44:39Z,0,2.29,4,1344,982602,1344,80073,1344,3889212,6902142,0
2,2026-10-05T14:44:56Z,0,2.38,1,336,218558,336,17890,336,20180559,154753,0
2,2026-10-05T14:44:56Z,0,2.38,2,672,450921,672,35213,672,4892013,1387768,0
2,2026-10-05T14:44:56Z,0,2.38,3,1008,712855,1008,57633,1008,2064273,8827304,0
2,2026-10-05T14:44:56Z,0,2.38,4,1344,977525,1344,78311,1344,3428397,9330414,0
2,2026-10-05T14:45:12Z,0,2.30,1,336,216592,336,17745,336,20185712,156977,0
2,2026-10-05T14:45:12Z,0,2.30,2,672,452020,672,35382,672,2623030,6791076,0
2,2026-10-05T14:45:12Z,0,2.30,3,1008,718920,1008,58447,1008,3601170,8371966,0
2,2026-10-05T14:45:12Z,0,2.30,4,1344,969801,1344,78660,1344,3321759,9597125,0
2,2026-10-05T14:45:54Z,0,2.34,1,336,215243,336,17641,336,20172893,179305,0
2,2026-10-05T14:45:54Z,0,2.34,2,672,452611,672,34745,672,3469661,2442472,0
2,2026-10-05T14:45:54Z,0,2.34,3,1008,715710,1008,55765,1008,3554630,3147254,0
2,2026-10-05T14:45:54Z,0,2.34,4,1344,979804,1344,79169,1344,3720082,9625693,0
2,2026-10-05T14:46:10Z,0,2.34,1,336,267544,336,21016,336,17963673,199442,0
2,2026-10-05T14:46:10Z,0,2.34,2,672,537730,672,45401,672,3838392,2138444,0
2,2026-10-05T14:46:10Z,0,2.34,3,1008,771642,1008,63333,1008,3081483,4156562,0
2,2026-10-05T14:46:10Z,0,2.34,4,1344,1482799,1344,88640,1344,24313036,5856820,0
3,2026-10-05T14:46:43Z,0,3.67,1,336,217929,336,17756,336,21148075,144577,0
3,2026-10-05T14:46:43Z,0,3.67,2,672,450584,672,34939,672,4064455,1714867,0
3,2026-10-05T14:46:43Z,0,3.67,3,1008,720552,1008,56672,1008,2578070,8253380,0
3,2026-10-05T14:46:43Z,0,3.67,4,1344,972028,1344,76425,1344,3406122,9811300,0
3,2026-10-05T14:47:25Z,0,3.12,1,336,217842,336,17786,336,17435650,171762,0
3,2026-10-05T14:47:25Z,0,3.12,2,672,451194,672,35361,672,3536498,2121705,0
3,2026-10-05T14:47:25Z,0,3.12,3,1008,718897,1008,55894,1008,2409789,8770738,0
3,2026-10-05T14:47:25Z,0,3.12,4,1344,972932,1344,77504,1344,3052441,9944161,0
3,2026-10-05T14:47:42Z,0,4.89,1,336,217050,336,17687,336,17612188,190391,0
3,2026-10-05T14:47:42Z,0,4.89,2,672,450997,672,35968,672,3637682,2197883,0
3,2026-10-05T14:47:42Z,0,4.89,3,1008,721992,1008,57518,1008,3690847,5274121,0
3,2026-10-05T14:47:42Z,0,4.89,4,1344,990743,1344,79498,1344,2964903,9971058,0
3,2026-10-05T14:47:59Z,0,4.46,1,336,222500,336,16870,336,20825694,153397,0
3,2026-10-05T14:47:59Z,0,4.46,2,672,451305,672,34799,672,3441900,2138407,0
3,2026-10-05T14:47:59Z,0,4.46,3,1008,716479,1008,58781,1008,3030535,7530744,0
3,2026-10-05T14:47:59Z,0,4.46,4,1344,1004320,1344,84143,1344,4455169,6845491,0
3,2026-10-05T14:48:41Z,0,3.51,1,336,218568,336,17748,336,20373295,163292,0
3,2026-10-05T14:48:41Z,0,3.51,2,672,452834,672,35332,672,2795472,5840766,0
3,2026-10-05T14:48:41Z,0,3.51,3,1008,713547,1008,55113,1008,2375988,8844105,0
3,2026-10-05T14:48:41Z,0,3.51,4,1344,971811,1344,77980,1344,2240673,10225513,0
3,2026-10-05T14:48:57Z,0,3.17,1,336,215729,336,17781,336,23470399,135764,0
3,2026-10-05T14:48:57Z,0,3.17,2,672,450890,672,34947,672,3251620,7020243,0
3,2026-10-05T14:48:57Z,0,3.17,3,1008,722267,1008,56663,1008,2473706,8394461,0
3,2026-10-05T14:48:57Z,0,3.17,4,1344,978914,1344,76734,1344,3152600,10194267,0
3,2026-10-05T14:49:14Z,0,3.29,1,336,219105,336,17874,336,18065093,166565,0
3,2026-10-05T14:49:14Z,0,3.29,2,672,451777,672,35655,672,4460257,1849033,0
3,2026-10-05T14:49:14Z,0,3.29,3,1008,720169,1008,56369,1008,2498437,8471366,0
3,2026-10-05T14:49:14Z,0,3.29,4,1344,981589,1344,78528,1344,3129058,7325040,0
