batch,boot_utc,foreign_qemu,load1,tasks,task_cores,compute_jobs,compute_ticks,null_syscall_jobs,null_syscall_ticks,spawn_jobs,spawn_ticks,jpm_median
1,2026-10-05T06:09:45Z,0,3.80,1,1,336,221647,336,17173,336,25,8938460
1,2026-10-05T06:09:45Z,0,3.80,2,2,672,444366,672,33835,672,73,8258064
1,2026-10-05T06:09:45Z,0,3.80,3,3,1008,668412,1008,50785,1008,128,8424259
1,2026-10-05T06:09:45Z,0,3.80,4,3,1344,893289,1344,69528,1344,186,8561674
1,2026-10-05T06:10:43Z,0,4.32,1,1,336,221022,336,16586,336,29,8942363
1,2026-10-05T06:10:43Z,0,4.32,2,2,672,438708,672,33124,672,102,8430874
1,2026-10-05T06:10:43Z,0,4.32,3,3,1008,657900,1008,50086,1008,129,8590737
1,2026-10-05T06:10:43Z,0,4.32,4,3,1344,877853,1344,66465,1344,202,8758687
1,2026-10-05T06:11:45Z,0,2.89,1,1,336,218272,336,16481,336,32,9128367
1,2026-10-05T06:11:45Z,0,2.89,2,2,672,436180,672,32856,672,71,8436277
1,2026-10-05T06:11:45Z,0,2.89,3,3,1008,654486,1008,49907,1008,159,8621813
1,2026-10-05T06:11:45Z,0,2.89,4,3,1344,878387,1344,66518,1344,178,8726859
1,2026-10-05T06:12:41Z,0,2.37,1,1,336,234386,336,18042,336,33,8890175
1,2026-10-05T06:12:41Z,0,2.37,2,2,672,519869,672,40523,672,159,6956127
1,2026-10-05T06:12:41Z,0,2.37,3,3,1008,706558,1008,55244,1008,196,8391914
1,2026-10-05T06:12:41Z,0,2.37,4,3,1344,1479063,1344,86910,1344,407,6695241
1,2026-10-05T06:13:45Z,0,4.57,1,1,336,221710,336,18409,336,43,8920724
1,2026-10-05T06:13:45Z,0,4.57,2,2,672,443777,672,33814,672,75,8269735
1,2026-10-05T06:13:45Z,0,4.57,3,3,1008,666875,1008,50515,1008,132,8443684
1,2026-10-05T06:13:45Z,0,4.57,4,3,1344,892219,1344,68433,1344,184,8709540
1,2026-10-05T06:14:44Z,0,4.49,1,1,336,222240,336,16734,336,46,8901767
1,2026-10-05T06:14:44Z,0,4.49,2,2,672,437644,672,33108,672,61,8434732
1,2026-10-05T06:14:44Z,0,4.49,3,3,1008,656165,1008,49648,1008,132,8615231
1,2026-10-05T06:14:44Z,0,4.49,4,3,1344,879652,1344,66944,1344,179,8742588
1,2026-10-05T06:15:42Z,0,3.50,1,1,336,218654,336,16962,336,28,9098627
1,2026-10-05T06:15:42Z,0,3.50,2,2,672,436524,672,33328,672,62,8454851
1,2026-10-05T06:15:42Z,0,3.50,3,3,1008,656400,1008,49869,1008,141,8630425
1,2026-10-05T06:15:42Z,0,3.50,4,3,1344,876324,1344,67728,1344,194,8756086
1,2026-10-05T06:16:38Z,0,3.03,1,1,336,218168,336,16861,336,41,9087861
1,2026-10-05T06:16:38Z,0,3.03,2,2,672,436738,672,32913,672,86,8451944
1,2026-10-05T06:16:38Z,0,3.03,3,3,1008,655120,1008,49700,1008,140,8625982
1,2026-10-05T06:16:38Z,0,3.03,4,3,1344,877773,1344,66646,1344,178,8749643
1,2026-10-05T06:17:34Z,0,2.51,1,1,336,218136,336,16852,336,33,9110770
1,2026-10-05T06:17:34Z,0,2.51,2,2,672,435716,672,33012,672,84,8445941
1,2026-10-05T06:17:34Z,0,2.51,3,3,1008,656482,1008,49771,1008,138,8624637
1,2026-10-05T06:17:34Z,0,2.51,4,3,1344,875790,1344,66130,1344,206,8749332
1,2026-10-05T06:18:31Z,0,2.33,1,1,336,218151,336,16632,336,33,9112121
1,2026-10-05T06:18:31Z,0,2.33,2,2,672,435195,672,32854,672,72,8442266
1,2026-10-05T06:18:31Z,0,2.33,3,3,1008,654988,1008,49366,1008,130,8612279
1,2026-10-05T06:18:31Z,0,2.33,4,3,1344,881741,1344,66888,1344,164,8738236
1,2026-10-05T06:19:27Z,0,2.20,1,1,336,218423,336,16481,336,28,9106269
1,2026-10-05T06:19:27Z,0,2.20,2,2,672,435908,672,33166,672,60,8444200
1,2026-10-05T06:19:27Z,0,2.20,3,3,1008,656518,1008,49763,1008,140,8606783
1,2026-10-05T06:19:27Z,0,2.20,4,3,1344,874498,1344,66957,1344,159,8739479
1,2026-10-05T06:20:27Z,0,2.65,1,1,336,218128,336,16496,336,29,9110320
1,2026-10-05T06:20:27Z,0,2.65,2,2,672,430976,672,32675,672,65,8579407
1,2026-10-05T06:20:27Z,0,2.65,3,3,1008,655749,1008,49660,1008,150,8609865
1,2026-10-05T06:20:27Z,0,2.65,4,3,1344,868994,1344,65579,1344,161,9020260
1,2026-10-05T06:21:30Z,0,3.07,1,1,336,221706,336,16785,336,35,8914252
1,2026-10-05T06:21:30Z,0,3.07,2,2,672,445462,672,34100,672,81,8246979
1,2026-10-05T06:21:30Z,0,3.07,3,3,1008,666262,1008,51434,1008,131,8415413
1,2026-10-05T06:21:30Z,0,3.07,4,4,1344,891020,1344,69405,1344,176,9152845
1,2026-10-05T06:22:36Z,1,6.19,1,1,336,221623,336,16797,336,27,8934561
1,2026-10-05T06:22:36Z,1,6.19,2,2,672,443938,672,33975,672,58,8275490
1,2026-10-05T06:22:36Z,1,6.19,3,3,1008,656602,1008,49772,1008,121,8621544
1,2026-10-05T06:22:36Z,1,6.19,4,3,1344,876516,1344,66741,1344,169,8751928
1,2026-10-05T06:23:40Z,0,5.94,1,1,336,264642,336,21224,336,41,6032992
1,2026-10-05T06:23:40Z,0,5.94,2,2,672,500332,672,39729,672,112,8234637
1,2026-10-05T06:23:40Z,0,5.94,3,3,1008,678474,1008,52232,1008,125,8424773
1,2026-10-05T06:23:40Z,0,5.94,4,3,1344,889546,1344,67853,1344,186,8663180
1,2026-10-05T06:24:40Z,0,5.24,1,1,336,221674,336,16741,336,25,8918997
1,2026-10-05T06:24:40Z,0,5.24,2,2,672,444225,672,33651,672,73,8284231
1,2026-10-05T06:24:40Z,0,5.24,3,3,1008,667287,1008,50489,1008,148,8447941
1,2026-10-05T06:24:40Z,0,5.24,4,3,1344,889600,1344,68215,1344,173,8565055
1,2026-10-05T06:25:38Z,1,3.91,1,1,336,218139,336,17215,336,28,9066850
1,2026-10-05T06:25:38Z,1,3.91,2,2,672,436828,672,33105,672,67,8457373
1,2026-10-05T06:25:38Z,1,3.91,3,3,1008,656283,1008,49783,1008,145,8627732
1,2026-10-05T06:25:38Z,1,3.91,4,3,1344,879486,1344,66768,1344,185,8746218
1,2026-10-05T06:26:36Z,0,3.42,1,1,336,222225,336,17963,336,14,8890603
1,2026-10-05T06:26:36Z,0,3.42,2,2,672,444040,672,33627,672,72,8272890
1,2026-10-05T06:26:36Z,0,3.42,3,3,1008,667067,1008,50353,1008,121,8434025
1,2026-10-05T06:26:36Z,0,3.42,4,3,1344,892554,1344,67575,1344,179,8559089
1,2026-10-05T06:27:34Z,0,2.82,1,1,336,224377,336,17065,336,34,8920292
1,2026-10-05T06:27:34Z,0,2.82,2,2,672,438746,672,33369,672,66,8444586
1,2026-10-05T06:27:34Z,0,2.82,3,3,1008,654727,1008,50939,1008,137,8627194
1,2026-10-05T06:27:34Z,0,2.82,4,3,1344,876338,1344,68019,1344,186,8744247
1,2026-10-05T06:28:31Z,0,2.44,1,1,336,217995,336,16480,336,28,9137418
1,2026-10-05T06:28:31Z,0,2.44,2,2,672,436448,672,32952,672,69,8447102
1,2026-10-05T06:28:31Z,0,2.44,3,3,1008,657156,1008,49558,1008,139,8625175
1,2026-10-05T06:28:31Z,0,2.44,4,3,1344,876859,1344,66466,1344,204,8751513
1,2026-10-05T06:30:16Z,0,1.66,1,1,336,210576,336,16508,336,39,9530013
1,2026-10-05T06:30:16Z,0,1.66,2,2,672,415542,672,31390,672,72,8979392
1,2026-10-05T06:30:16Z,0,1.66,3,3,1008,625791,1008,47899,1008,110,9144671
1,2026-10-05T06:30:16Z,0,1.66,4,3,1344,827687,1344,62846,1344,134,9305331
1,2026-10-05T06:30:36Z,0,2.26,1,1,336,218005,336,16506,336,34,9131080
1,2026-10-05T06:30:36Z,0,2.26,2,2,672,436331,672,32849,672,72,8456597
1,2026-10-05T06:30:36Z,0,2.26,3,3,1008,655922,1008,50141,1008,124,8630695
1,2026-10-05T06:30:36Z,0,2.26,4,3,1344,880096,1344,67345,1344,192,8747256
1,2026-10-05T06:30:55Z,0,2.35,1,1,336,218107,336,16486,336,42,9127011
1,2026-10-05T06:30:55Z,0,2.35,2,2,672,439753,672,33269,672,61,8428561
1,2026-10-05T06:30:55Z,0,2.35,3,3,1008,670609,1008,51082,1008,135,8425800
1,2026-10-05T06:30:55Z,0,2.35,4,3,1344,893886,1344,69105,1344,202,8544409
1,2026-10-05T06:31:13Z,0,2.68,1,1,336,221721,336,16729,336,42,8936727
1,2026-10-05T06:31:13Z,0,2.68,2,2,672,444168,672,33473,672,84,8257139
1,2026-10-05T06:31:13Z,0,2.68,3,3,1008,671995,1008,50941,1008,145,8408375
1,2026-10-05T06:31:13Z,0,2.68,4,3,1344,894441,1344,69944,1344,176,8543419
1,2026-10-05T06:31:32Z,0,2.91,1,1,336,222764,336,16716,336,34,8935427
1,2026-10-05T06:31:32Z,0,2.91,2,2,672,446110,672,33871,672,85,8230408
1,2026-10-05T06:31:32Z,0,2.91,3,3,1008,675380,1008,51810,1008,120,8483063
1,2026-10-05T06:31:32Z,0,2.91,4,3,1344,891005,1344,68558,1344,198,8554918
1,2026-10-05T06:31:51Z,1,3.15,1,1,336,221585,336,16721,336,41,8957573
1,2026-10-05T06:31:51Z,1,3.15,2,2,672,445347,672,33524,672,59,8269735
1,2026-10-05T06:31:51Z,1,3.15,3,3,1008,667422,1008,50745,1008,122,8433253
1,2026-10-05T06:31:51Z,1,3.15,4,3,1344,893619,1344,67723,1344,199,8566747
1,2026-10-05T06:32:10Z,1,3.28,1,1,336,223126,336,16747,336,27,8918565
1,2026-10-05T06:32:10Z,1,3.28,2,2,672,444297,672,34092,672,100,8237765
1,2026-10-05T06:32:10Z,1,3.28,3,3,1008,667386,1008,50463,1008,148,8412596
1,2026-10-05T06:32:10Z,1,3.28,4,3,1344,891651,1344,67538,1344,215,8544508
1,2026-10-05T06:32:29Z,0,3.29,1,1,336,221620,336,17116,336,27,8941062
1,2026-10-05T06:32:29Z,0,3.29,2,2,672,443744,672,33769,672,65,8256954
1,2026-10-05T06:32:29Z,0,3.29,3,3,1008,669169,1008,50888,1008,134,8428368
1,2026-10-05T06:32:29Z,0,3.29,4,3,1344,891069,1344,68142,1344,167,8550652
1,2026-10-05T06:32:48Z,1,3.06,1,1,336,221807,336,16749,336,29,8943665
1,2026-10-05T06:32:48Z,1,3.06,2,2,672,444121,672,33757,672,64,8249932
1,2026-10-05T06:32:48Z,1,3.06,3,3,1008,667860,1008,50266,1008,136,8418873
1,2026-10-05T06:32:48Z,1,3.06,4,3,1344,891831,1344,67709,1344,213,8543815
1,2026-10-05T06:33:07Z,1,2.89,1,1,336,218565,336,16511,336,34,9112121
1,2026-10-05T06:33:07Z,1,2.89,2,2,672,437077,672,33087,672,65,8467280
1,2026-10-05T06:33:07Z,1,2.89,3,3,1008,658512,1008,49783,1008,140,8633524
1,2026-10-05T06:33:07Z,1,2.89,4,3,1344,883291,1344,66667,1344,167,8765664
1,2026-10-05T06:33:26Z,0,2.76,1,1,336,221656,336,16739,336,27,8929367
1,2026-10-05T06:33:26Z,0,2.76,2,2,672,444076,672,33807,672,90,8254366
1,2026-10-05T06:33:26Z,0,2.76,3,3,1008,660330,1008,51446,1008,157,8602364
1,2026-10-05T06:33:26Z,0,2.76,4,3,1344,876897,1344,66941,1344,169,8862816
1,2026-10-05T06:33:44Z,0,3.47,1,1,336,221650,336,16747,336,32,8945835
1,2026-10-05T06:33:44Z,0,3.47,2,2,672,445578,672,33687,672,78,8257879
1,2026-10-05T06:33:44Z,0,3.47,3,3,1008,669285,1008,51188,1008,138,8417207
1,2026-10-05T06:33:44Z,0,3.47,4,3,1344,895081,1344,69070,1344,214,8559686
1,2026-10-05T06:34:03Z,0,3.43,1,1,336,221661,336,16821,336,44,8931097
1,2026-10-05T06:34:03Z,0,3.43,2,2,672,444101,672,33665,672,69,8249563
1,2026-10-05T06:34:03Z,0,3.43,3,3,1008,662298,1008,49964,1008,142,8603167
1,2026-10-05T06:34:03Z,0,3.43,4,3,1344,880439,1344,66405,1344,175,8746841
1,2026-10-05T06:34:21Z,1,3.15,1,1,336,218781,336,16886,336,30,9081144
1,2026-10-05T06:34:21Z,1,3.15,2,2,672,439137,672,33583,672,63,8434732
1,2026-10-05T06:34:21Z,1,3.15,3,3,1008,657484,1008,50161,1008,159,8626117
1,2026-10-05T06:34:21Z,1,3.15,4,3,1344,878053,1344,67655,1344,152,8757022
1,2026-10-05T06:34:40Z,1,3.06,1,1,336,222154,336,16726,336,36,8904778
1,2026-10-05T06:34:40Z,1,3.06,2,2,672,444208,672,34173,672,98,8239974
1,2026-10-05T06:34:40Z,1,3.06,3,3,1008,671094,1008,50643,1008,147,8402881
1,2026-10-05T06:34:40Z,1,3.06,4,3,1344,897058,1344,68571,1344,190,8551049
1,2026-10-05T06:35:00Z,0,3.26,1,1,336,221649,336,17729,336,28,8918134
1,2026-10-05T06:35:00Z,0,3.26,2,2,672,445381,672,33705,672,81,8271405
1,2026-10-05T06:35:00Z,0,3.26,3,3,1008,667355,1008,50592,1008,126,8433382
1,2026-10-05T06:35:00Z,0,3.26,4,3,1344,893699,1344,68031,1344,169,8557202
1,2026-10-05T06:35:19Z,1,3.11,1,1,336,221900,336,17501,336,36,8926772
1,2026-10-05T06:35:19Z,1,3.11,2,2,672,444464,672,33485,672,81,8280881
1,2026-10-05T06:35:19Z,1,3.11,3,3,1008,667328,1008,51973,1008,132,8431838
1,2026-10-05T06:35:19Z,1,3.11,4,3,1344,893139,1344,68491,1344,174,8560481
1,2026-10-05T06:35:38Z,0,3.10,1,1,336,218453,336,17468,336,37,9105819
1,2026-10-05T06:35:38Z,0,3.10,2,2,672,435678,672,33068,672,71,8451944
1,2026-10-05T06:35:38Z,0,3.10,3,3,1008,658086,1008,49508,1008,141,8626251
1,2026-10-05T06:35:38Z,0,3.10,4,3,1344,877771,1344,66344,1344,188,9013202
1,2026-10-05T06:35:56Z,1,2.94,1,1,336,217973,336,16652,336,49,9119335
1,2026-10-05T06:35:56Z,1,2.94,2,2,672,436971,672,33828,672,81,8442652
1,2026-10-05T06:35:56Z,1,2.94,3,3,1008,656084,1008,49655,1008,139,8614023
1,2026-10-05T06:35:56Z,1,2.94,4,3,1344,874351,1344,66420,1344,178,8738133
1,2026-10-05T06:36:15Z,0,2.71,1,1,336,218124,336,16567,336,37,9111220
1,2026-10-05T06:36:15Z,0,2.71,2,2,672,436253,672,33199,672,71,8439753
1,2026-10-05T06:36:15Z,0,2.71,3,3,1008,656415,1008,49647,1008,131,8618050
1,2026-10-05T06:36:15Z,0,2.71,4,3,1344,876211,1344,67659,1344,170,8733061
