batch,boot_utc,foreign_qemu,load1,tasks,task_cores,compute_jobs,compute_ticks,null_syscall_jobs,null_syscall_ticks,spawn_jobs,spawn_ticks,jpm_median,cc_calls,cc_contended,cc_wait
1,2026-10-05T06:09:25Z,0,4.30,1,1,336,275699,336,25096,336,16698837,205502,119026,0,0
1,2026-10-05T06:09:25Z,0,4.30,2,2,672,576630,672,53719,672,8170866,3815122,237990,24,19
1,2026-10-05T06:09:25Z,0,4.30,3,3,1008,845651,1008,79068,1008,5430314,3538423,357136,27,19
1,2026-10-05T06:09:25Z,0,4.30,4,3,1344,1051864,1344,97071,1344,19908238,8546885,476105,41,43
1,2026-10-05T06:10:24Z,0,5.54,1,1,336,219137,336,18132,336,16660964,181684,119016,0,0
1,2026-10-05T06:10:24Z,0,5.54,2,2,672,451858,672,36542,672,4326238,1952759,237979,38,19
1,2026-10-05T06:10:24Z,0,5.54,3,3,1008,703498,1008,57245,1008,3105134,3840426,357099,30,27
1,2026-10-05T06:10:24Z,0,5.54,4,3,1344,965580,1344,79489,1344,2331007,10353165,476090,62,46
1,2026-10-05T06:11:25Z,0,2.91,1,1,336,217310,336,19195,336,17980066,174708,119016,0,0
1,2026-10-05T06:11:25Z,0,2.91,2,2,672,454101,672,37318,672,3788421,1644392,237976,19,11
1,2026-10-05T06:11:25Z,0,2.91,3,2,1008,718421,1008,58010,1008,3727309,8290130,357284,29,16
1,2026-10-05T06:11:25Z,0,2.91,4,3,1344,971222,1344,79891,1344,2800528,10081496,476383,78,40
1,2026-10-05T06:12:22Z,0,2.71,1,1,336,224098,336,18157,336,17797891,176963,118986,0,0
1,2026-10-05T06:12:22Z,0,2.71,2,2,672,471278,672,39191,672,4199567,2378399,237992,19,29
1,2026-10-05T06:12:22Z,0,2.71,3,3,1008,760074,1008,65082,1008,2597045,6829533,357108,37,50
1,2026-10-05T06:12:22Z,0,2.71,4,3,1344,1166888,1344,112639,1344,5201035,5624227,479320,89,180
1,2026-10-05T06:13:24Z,0,4.13,1,1,336,285575,336,34867,336,20525818,174671,118997,0,0
1,2026-10-05T06:13:24Z,0,4.13,2,2,672,505698,672,45175,672,5008459,1587672,237988,10,50
1,2026-10-05T06:13:24Z,0,4.13,3,3,1008,713213,1008,59396,1008,2794427,7596230,357561,33,28
1,2026-10-05T06:13:24Z,0,4.13,4,3,1344,1022659,1344,95789,1344,9563550,5743890,476294,49,59
1,2026-10-05T06:14:23Z,0,5.09,1,1,336,224612,336,18383,336,17684499,173098,118986,0,0
1,2026-10-05T06:14:23Z,0,5.09,2,2,672,453427,672,37454,672,3195959,4777976,237984,23,58
1,2026-10-05T06:14:23Z,0,5.09,3,3,1008,705072,1008,60485,1008,3775102,2908861,358028,30,195
1,2026-10-05T06:14:23Z,0,5.09,4,3,1344,1012054,1344,90501,1344,4589380,7164944,477091,61,400
1,2026-10-05T06:15:22Z,0,4.20,1,1,336,219021,336,18305,336,20194945,153673,118986,0,0
1,2026-10-05T06:15:22Z,0,4.20,2,2,672,450459,672,36873,672,3358342,4249060,237995,31,12
1,2026-10-05T06:15:22Z,0,4.20,3,3,1008,710796,1008,57113,1008,2546663,8640810,357107,35,27
1,2026-10-05T06:15:22Z,0,4.20,4,3,1344,970351,1344,78385,1344,3319453,10114967,476162,53,44
1,2026-10-05T06:16:19Z,0,3.04,1,1,336,216448,336,18857,336,21338054,153590,119021,0,0
1,2026-10-05T06:16:19Z,0,3.04,2,2,672,453404,672,37369,672,3883531,1939700,237990,14,7
1,2026-10-05T06:16:19Z,0,3.04,3,3,1008,707647,1008,58128,1008,2509434,8526754,357126,35,16
1,2026-10-05T06:16:19Z,0,3.04,4,3,1344,986044,1344,83318,1344,4115062,5599878,476456,58,325
1,2026-10-05T06:17:15Z,0,2.91,1,1,336,217129,336,18908,336,18620005,174578,119016,0,0
1,2026-10-05T06:17:15Z,0,2.91,2,2,672,447965,672,36861,672,3773990,2087464,237975,26,12
1,2026-10-05T06:17:15Z,0,2.91,3,3,1008,717318,1008,59802,1008,3270664,8301331,357015,46,22
1,2026-10-05T06:17:15Z,0,2.91,4,3,1344,961967,1344,77719,1344,2457291,10311896,476231,67,49
1,2026-10-05T06:18:11Z,0,2.46,1,1,336,215738,336,19008,336,19602809,165745,119021,0,0
1,2026-10-05T06:18:11Z,0,2.46,2,2,672,450962,672,37641,672,4794072,1541652,237997,22,10
1,2026-10-05T06:18:11Z,0,2.46,3,3,1008,718500,1008,58907,1008,2397763,8409142,357023,35,13
1,2026-10-05T06:18:11Z,0,2.46,4,3,1344,963861,1344,78025,1344,3344411,9737568,476162,43,30
1,2026-10-05T06:19:08Z,0,2.46,1,1,336,217119,336,19163,336,20024524,161866,118986,0,0
1,2026-10-05T06:19:08Z,0,2.46,2,2,672,451349,672,38477,672,3184011,2098707,237975,23,9
1,2026-10-05T06:19:08Z,0,2.46,3,3,1008,709184,1008,58497,1008,2452100,8339516,357547,52,96
1,2026-10-05T06:19:08Z,0,2.46,4,3,1344,969422,1344,78184,1344,2749674,10273531,476279,60,39
1,2026-10-05T06:20:08Z,0,2.35,1,1,336,218374,336,19313,336,17271062,171838,119021,0,0
1,2026-10-05T06:20:08Z,0,2.35,2,2,672,453285,672,37683,672,2544917,4074991,237975,14,7
1,2026-10-05T06:20:08Z,0,2.35,3,3,1008,718039,1008,58399,1008,2551884,8455433,357148,51,46
1,2026-10-05T06:20:08Z,0,2.35,4,3,1344,976601,1344,79688,1344,3050713,10097512,476128,61,35
1,2026-10-05T06:21:07Z,0,2.65,1,1,336,218639,336,18631,336,19900788,153836,118987,0,0
1,2026-10-05T06:21:07Z,0,2.65,2,2,672,492161,672,41506,672,9390085,1259726,237975,16,8
1,2026-10-05T06:21:07Z,0,2.65,3,3,1008,1053678,1008,84113,1008,6862678,2941151,357580,26,16470
1,2026-10-05T06:21:07Z,0,2.65,4,3,1344,1349016,1344,140752,1344,20586158,1590693,476223,16,24
1,2026-10-05T06:22:15Z,0,7.24,1,1,336,222341,336,18201,336,18948710,165202,119011,0,0
1,2026-10-05T06:22:15Z,0,7.24,2,2,672,452783,672,36767,672,5053871,1726748,237982,19,25
1,2026-10-05T06:22:15Z,0,7.24,3,3,1008,708113,1008,57850,1008,2744183,7424574,357295,29,59
1,2026-10-05T06:22:15Z,0,7.24,4,3,1344,1005014,1344,85878,1344,4037127,7603960,476320,51,74
1,2026-10-05T06:23:20Z,0,7.22,1,1,336,222279,336,18052,336,19270387,162504,118986,0,0
1,2026-10-05T06:23:20Z,0,7.22,2,2,672,453419,672,36098,672,4144571,2095628,237981,13,5
1,2026-10-05T06:23:20Z,0,7.22,3,3,1008,709408,1008,59239,1008,2303783,7598109,357129,28,16
1,2026-10-05T06:23:20Z,0,7.22,4,3,1344,1012201,1344,90818,1344,4664887,6850643,477567,42,141
1,2026-10-05T06:24:18Z,0,5.31,1,1,336,303707,336,26704,336,14259088,237326,118987,0,0
1,2026-10-05T06:24:18Z,0,5.31,2,2,672,628036,672,55792,672,3859677,1989003,237983,24,39
1,2026-10-05T06:24:18Z,0,5.31,3,3,1008,930197,1008,103714,1008,7516690,2506107,357433,33,26
1,2026-10-05T06:24:18Z,0,5.31,4,3,1344,1268252,1344,118086,1344,7189498,3702208,480331,77,74
1,2026-10-05T06:25:18Z,0,4.25,1,1,336,218596,336,17948,336,19844609,153515,119021,0,0
1,2026-10-05T06:25:18Z,0,4.25,2,2,672,449189,672,36414,672,2787815,5398392,237979,28,253
1,2026-10-05T06:25:18Z,0,4.25,3,3,1008,704562,1008,57872,1008,1613635,8936005,357044,45,22
1,2026-10-05T06:25:18Z,0,4.25,4,3,1344,967241,1344,79805,1344,3052305,10312185,476219,71,59
1,2026-10-05T06:26:16Z,0,3.46,1,1,336,218146,336,18175,336,19376456,179066,118986,0,0
1,2026-10-05T06:26:16Z,0,3.46,2,2,672,448426,672,36537,672,3064899,2967494,238537,23,8
1,2026-10-05T06:26:16Z,0,3.46,3,3,1008,709327,1008,58323,1008,2900034,8698990,357440,41,22
1,2026-10-05T06:26:16Z,0,3.46,4,3,1344,967267,1344,79251,1344,2535232,10149500,476111,54,32
1,2026-10-05T06:27:14Z,0,3.07,1,1,336,218664,336,17998,336,17366858,170499,119021,0,0
1,2026-10-05T06:27:14Z,0,3.07,2,2,672,450113,672,36391,672,3345357,1802067,238013,18,30
1,2026-10-05T06:27:14Z,0,3.07,3,3,1008,707026,1008,57937,1008,2246664,8647296,357042,38,11
1,2026-10-05T06:27:14Z,0,3.07,4,3,1344,965675,1344,80496,1344,3481118,8330753,476226,49,87
1,2026-10-05T06:28:11Z,0,2.82,1,1,336,218129,336,19083,336,21677245,147084,118986,0,0
1,2026-10-05T06:28:11Z,0,2.82,2,2,672,448446,672,37186,672,4111896,2281103,237984,22,11
1,2026-10-05T06:28:11Z,0,2.82,3,3,1008,712092,1008,57629,1008,3078442,7753116,357132,46,24
1,2026-10-05T06:28:11Z,0,2.82,4,3,1344,961346,1344,80639,1344,3267820,10096683,476307,54,56
