package,harness,direct_killed,direct_total,transitive_killed,transitive_total
address_space_identifier,verification::free_releases_exactly_its_own_asid,11,13,11,13
address_space_identifier,verification::the_kernel_asid_is_never_allocated,5,10,5,10
address_space_identifier,verification::two_live_asids_are_distinct,9,10,9,10
capability,verification::a_deleted_capability_stays_deleted,1,3,4,26
capability,verification::a_stranger_reveals_nothing_about_its_liveness,2,3,2,3
capability,verification::a_survey_shows_exactly_the_endpoints_own_children,2,2,2,2
capability,verification::delete_touches_only_its_slot,0,2,3,26
capability,verification::derive_never_widens_rights,2,4,8,28
capability,verification::from_bits_cannot_forge_a_right,7,8,7,8
capability,verification::reap_is_permitted_only_to_the_supervising_rendezvous,3,3,3,3
capability,verification::split_never_widens_rights,5,6,5,6
capability,verification::subset_is_reflexive,5,6,5,6
capability,verification::subset_is_transitive,3,6,3,6
capability,verification::subset_matches_allows,11,11,11,11
capability,verification::the_count_is_the_slots,9,12,18,40
capability,verification::the_free_mask_is_the_empty_slots,9,19,25,60
capability,verification::the_view_and_the_reap_have_the_same_scope,5,5,5,5
component_plan,proofs::a_missing_route_refuses_rather_than_falling_through_to_a_slot,2,19,24,88
component_plan,proofs::a_plan_never_grants_a_right_the_declaration_did_not_ask_for,2,17,25,86
component_plan,proofs::dependents_finds_exactly_the_non_target_instances_that_declared_it,6,10,13,19
component_plan,proofs::the_device_split_partitions_the_mappings,14,21,38,90
component_plan,proofs::too_many_live_instances_never_silently_truncates,2,10,2,19
credential_protocol,proofs::a_request_word_round_trips_every_field,22,24,22,24
credential_protocol,proofs::no_reply_word_but_match_ever_authenticates,8,8,8,8
credential_protocol,proofs::no_request_word_makes_the_parse_read_outside_the_page,16,29,16,29
device_tree_blob,verification::align4_rounds_up_to_a_multiple_of_four,4,4,4,4
device_tree_blob,verification::be32_is_total,0,2,0,2
device_tree_blob,verification::be32_reads_big_endian_when_in_bounds,2,2,2,2
device_tree_blob,verification::be64_is_total,0,2,0,2
direct_memory_access_validator,verification::a_descriptor_mutated_after_validation_cannot_reach_the_device,13,31,16,51
direct_memory_access_validator,verification::an_accepted_descriptor_is_confined,2,5,16,35
direct_memory_access_validator,verification::an_oversized_batch_is_refused,3,24,3,75
direct_memory_access_validator,verification::distinct_queues_occupy_disjoint_blocks,4,4,4,8
direct_memory_access_validator,verification::in_region_is_sound,4,6,4,6
direct_memory_access_validator,verification::the_outer_walk_stays_inside_the_rings_and_terminates,19,24,27,75
direct_memory_access_validator,verification::validate_and_shadow_confines_every_chain,11,31,14,51
elf,note::verification::a_note_segment_is_read_inside_itself,13,24,24,46
elf,note::verification::a_passing_extent_is_inside_and_advances,2,6,6,14
elf,note::verification::note_extent_never_panics,0,6,0,14
elf,note::verification::note_segments_from_a_head_never_panic,7,24,9,32
elf,verification::a_passing_check_has_no_address_overflow,2,8,2,8
elf,verification::a_passing_check_yields_an_in_bounds_range,4,8,4,8
elf,verification::check_segment_bounds_never_panics,0,8,0,8
elf,verification::page_range_is_panic_free_and_ordered,3,9,3,9
filesystem_protocol,dir::proofs::a_grandchild_is_bounded_by_the_root,5,9,5,9
filesystem_protocol,dir::proofs::a_root_carries_nothing_undefined,2,4,2,13
filesystem_protocol,dir::proofs::attenuate_never_widens,5,9,5,9
generational_table,verification::a_bounded_walk_yields_every_live_entry,19,23,32,39
generational_table,verification::a_name_the_table_never_minted_resolves_to_nothing,2,9,8,25
generational_table,verification::a_removed_name_never_resolves_again,9,22,16,38
generational_table,verification::live_names_are_distinct_and_resolve_to_their_own_entry,6,9,19,25
globally_unique_identifier_partition_table,verification::a_guid_survives_printing_and_parsing,37,38,47,52
globally_unique_identifier_partition_table,verification::a_headers_fields_survive_the_round_trip,6,6,22,22
globally_unique_identifier_partition_table,verification::a_single_byte_change_always_changes_the_crc,2,4,18,25
globally_unique_identifier_partition_table,verification::an_entry_survives_the_round_trip,26,39,32,90
globally_unique_identifier_partition_table,verification::crc32_matches_its_bitwise_definition,17,17,38,38
globally_unique_identifier_partition_table,verification::create_never_lays_out_a_table_parse_would_reject,30,48,76,180
globally_unique_identifier_partition_table,verification::overlap_is_exactly_sharing_a_block,7,7,17,18
globally_unique_identifier_partition_table,verification::stamping_reserves_six_bits_and_keeps_the_other_hundred_and_twenty_two,26,28,26,28
globally_unique_identifier_partition_table,verification::the_header_fields_partition_the_block,6,6,22,22
inter_process_communication,notification::verification::a_signal_loses_no_bit,4,4,4,4
inter_process_communication,notification::verification::a_wait_returns_a_nonzero_word_or_blocks,0,0,0,0
inter_process_communication,notification::verification::a_waiter_is_woken_before_the_bound_receiver,1,4,1,4
inter_process_communication,notification::verification::every_operation_preserves_the_invariant,3,10,3,10
inter_process_communication,timer::verification::a_cancelled_or_rearmed_timer_never_fires_stale,7,7,7,7
inter_process_communication,timer::verification::a_walk_fires_exactly_the_due_timers,8,10,12,14
inter_process_communication,timer::verification::the_cache_is_never_later_than_an_armed_deadline,3,15,3,19
inter_process_communication,verification::a_collected_sender_is_forgotten,0,0,0,0
inter_process_communication,verification::recv_drains_a_pending_signal_first,0,0,0,0
inter_process_communication,verification::recv_preserves_the_invariant,2,3,2,3
inter_process_communication,verification::removing_a_waiter_preserves_the_invariant,3,6,3,6
inter_process_communication,verification::send_preserves_the_invariant,2,3,2,3
inter_process_communication,verification::send_rendezvous_iff_a_receiver_waited,0,0,0,0
inter_process_communication,verification::signal_preserves_the_invariant,2,4,2,4
intrusive_fifo,verification::any_push_pop_interleaving_is_fifo_and_lossless,7,7,7,7
jh7110_entropy,verification::a_lockup_bit_is_never_overridden,2,9,2,20
jh7110_entropy,verification::an_unseeded_core_never_yields_bytes,6,9,6,20
jh7110_entropy,verification::neither_bit_set_is_always_not_ready,8,9,8,20
jh7110_entropy,verification::ready_requires_rand_rdy_and_carries_the_words_untouched,7,9,15,20
kernel,arch::aarch64::fp::proofs::every_cpacr_edit_changes_exactly_the_field_it_names,17,18,18,26
kernel,arch::aarch64::iommu::proofs::no_stream_can_reach_another_streams_tables,4,4,4,4
kernel,arch::aarch64::iommu::proofs::the_smmu_is_handed_exactly_the_tables_the_kernel_built,26,47,26,47
kernel,syscall::proofs::every_page_between_the_checked_ends_is_itself_a_user_page,1,3,1,3
kernel,syscall::proofs::the_run_end_is_exact_and_refuses_exactly_what_does_not_fit,3,3,3,3
machine_discovery,acpi::verification::a_table_header_this_parser_accepts_always_has_a_body_length,6,23,6,44
machine_discovery,acpi::verification::an_ecam_windows_size_is_total_and_counts_one_mebibyte_per_bus,11,30,11,39
machine_discovery,acpi::verification::an_rsdp_is_accepted_only_when_its_bytes_sum_to_zero,8,49,10,66
machine_discovery,acpi::verification::no_override_writes_outside_the_sixteen_legacy_irqs,3,17,3,36
machine_discovery,acpi::verification::the_dmar_fixed_part_decodes_without_arithmetic_overflow,2,18,2,31
machine_discovery,acpi::verification::the_dmar_walk_terminates_and_stays_inside_the_body,15,99,19,131
machine_discovery,acpi::verification::the_madt_walk_terminates_and_stays_inside_the_body,29,99,33,131
machine_discovery,acpi::verification::the_root_tables_entry_count_and_its_entry_reader_agree,12,25,19,50
machine_discovery,framebuffer::verification::an_accepted_span_covers_every_pixel_the_geometry_describes,10,28,10,43
machine_discovery,framebuffer::verification::an_encoded_token_never_exceeds_the_maximum_it_advertises,3,19,24,65
machine_discovery,framebuffer::verification::every_hex_field_the_loader_writes_is_one_the_kernel_reads_back,32,47,32,67
machine_discovery,riscv64::verification::a_counter_width_is_widened_before_the_specifications_off_by_one_is_undone,12,29,12,35
machine_discovery,riscv64::verification::a_multi_letter_extension_is_never_read_as_a_privilege_letter,0,13,0,133
machine_discovery,x86_64::verification::a_feature_is_never_reported_from_a_leaf_the_part_does_not_answer,22,41,32,53
machine_discovery,x86_64::verification::a_range_read_out_of_the_memory_map_never_wraps_to_look_empty,14,25,18,42
machine_discovery,x86_64::verification::no_length_of_handoff_bytes_makes_the_decode_read_past_its_end,5,11,10,30
manifest_note,verification::a_decoded_manifest_encodes_back_to_its_bytes,27,58,46,80
manifest_note,verification::decode_never_panics,11,42,16,56
memory_regions,proofs::a_retyped_run_is_the_pages_asked_for_and_zero_is_one,3,3,13,13
memory_regions,proofs::coalescing_never_reclaims_a_held_page,3,3,3,3
memory_regions,proofs::destroy_never_frees_a_child_to_the_allocator,4,4,4,4
memory_regions,proofs::split_stays_within_budget_and_progresses,7,7,7,7
network_time_protocol,verification::accepting_is_total_and_a_sample_is_coherent,4,16,18,62
network_time_protocol,verification::an_unmatched_origin_is_always_rejected,1,16,16,62
network_time_protocol,verification::decoding_any_wire_value_is_total,2,10,8,28
network_time_protocol,verification::nanoseconds_survive_the_fixed_point,19,23,19,24
network_time_protocol,verification::out_of_range_is_refused,4,10,7,24
network_time_protocol,verification::parse_then_serialise_is_the_identity,20,22,44,46
network_time_protocol,verification::the_era_pivot_is_exact_over_the_window,18,22,30,52
nifefs,verification::a_short_image_is_refused_not_indexed,4,9,4,47
nifefs,verification::the_validation_implies_reads_slice_is_in_bounds,8,9,8,9
non_volatile_memory_express,verification::a_transfer_command_is_only_built_for_a_block_the_namespace_has,3,5,3,30
non_volatile_memory_express,verification::an_accepted_handoff_keeps_its_doorbells_inside_the_mapped_page,12,25,12,25
non_volatile_memory_express,verification::cq_pop_stays_in_bounds_and_flips_only_at_the_wrap,6,6,6,6
non_volatile_memory_express,verification::distinct_doorbells_never_collide,11,13,11,13
non_volatile_memory_express,verification::identify_parse_is_total_and_bounds_the_shift,15,25,15,25
non_volatile_memory_express,verification::prp_pair_is_total_and_page_disciplined,13,19,13,19
non_volatile_memory_express,verification::sq_push_stays_in_bounds,4,8,4,8
non_volatile_memory_express,verification::the_spawn_handoff_round_trips,16,20,16,20
package_archive,verification::a_parsed_package_reads_only_inside_itself,10,32,17,69
package_archive,verification::a_short_file_is_refused,3,26,3,65
page_frames,verification::an_allocated_frame_is_aligned_and_in_range,7,12,13,31
page_frames,verification::bitmap_bytes_covers_every_frame,2,2,2,2
page_frames,verification::containing_rounds_down_within_a_frame,6,6,6,6
page_frames,verification::index_of_inverts_frame_addressing,12,13,14,15
page_frames,verification::two_allocations_are_distinct,8,12,19,31
paging,aarch64::verification::a_block_keeps_address_and_permissions_apart,41,60,101,143
paging,aarch64::verification::a_table_entry_is_never_a_block,6,13,7,15
paging,aarch64::verification::distinct_pages_take_distinct_paths,12,13,12,13
paging,aarch64::verification::index_is_always_in_bounds,7,13,7,13
paging,aarch64::verification::no_encoded_leaf_is_both_writable_and_executable,4,26,28,90
paging,aarch64::verification::the_indices_and_offset_tile_the_address,13,13,13,13
paging,aarch64::verification::the_leaf_keeps_address_and_permissions_apart,36,55,90,121
paging,aarch64::verification::the_two_halves_are_disjoint,3,6,3,6
paging,aarch64::verification::the_user_va_gate_admits_only_the_aligned_low_half,8,9,8,9
paging,domain::verification::a_grant_the_domain_cannot_express_is_refused,3,5,3,5
paging,domain::verification::a_page_index_below_the_count_always_resolves,7,11,7,11
paging,domain::verification::an_enumerated_page_lies_inside_the_grant,10,11,10,11
paging,domain::verification::every_whole_page_of_the_grant_is_enumerated,11,11,11,11
paging,domain::verification::the_enumeration_is_injective,6,11,6,11
paging,domain::verification::the_grant_enumeration_is_total,1,11,1,11
paging,sv39::verification::a_block_keeps_address_and_permissions_apart,35,57,99,137
paging,sv39::verification::a_table_entry_is_never_a_block,5,17,5,23
paging,sv39::verification::distinct_pages_take_distinct_paths,12,13,12,13
paging,sv39::verification::index_is_always_in_bounds,6,13,6,13
paging,sv39::verification::no_encoded_leaf_is_both_writable_and_executable,1,26,13,89
paging,sv39::verification::the_indices_and_offset_tile_the_address,13,13,13,13
paging,sv39::verification::the_leaf_keeps_address_and_permissions_apart,38,56,85,119
paging,sv39::verification::the_two_halves_are_disjoint,3,6,3,6
paging,sv39::verification::the_user_va_gate_admits_only_the_aligned_low_half,8,9,8,9
paging,verification::a_chosen_leaf_is_aligned_and_inside_the_span,9,9,18,22
paging,verification::the_chosen_leaf_is_the_largest_that_fits,2,4,14,22
paging,x86_64::verification::a_block_keeps_address_and_permissions_apart,40,77,96,168
paging,x86_64::verification::a_table_entry_is_never_a_block,6,29,6,35
paging,x86_64::verification::distinct_pages_take_distinct_paths,12,13,12,13
paging,x86_64::verification::index_is_always_in_bounds,7,13,7,13
paging,x86_64::verification::no_encoded_leaf_is_both_writable_and_executable,0,31,14,99
paging,x86_64::verification::no_vtd_entry_ever_sets_a_reserved_bit,14,57,14,125
paging,x86_64::verification::the_indices_and_offset_tile_the_address,13,13,13,13
paging,x86_64::verification::the_leaf_keeps_address_and_permissions_apart,35,70,83,138
paging,x86_64::verification::the_two_halves_are_disjoint,3,6,3,6
paging,x86_64::verification::the_user_va_gate_admits_only_the_aligned_low_half,8,9,8,9
pci,verification::a_fresh_bus_queue_holds_the_root_and_nothing_else,0,0,0,0
pci,verification::ecam_offset_stays_inside_the_window,0,9,0,9
pci,verification::intx_irq_is_total_and_bounded,5,6,5,6
pci,verification::read_bars_is_total_for_any_device,10,46,10,46
pci,verification::the_bus_queue_stays_inside_its_array_on_any_firmware,8,10,8,10
pci,verification::the_capability_walk_terminates_on_any_device,3,28,3,29
pci,verification::the_msix_walk_terminates_and_bounds_its_table_size,9,26,9,27
pci,verification::the_ranges_parse_is_total,8,36,8,36
subtree_scope,proofs::a_badge_once_bound_is_never_open_again,5,13,8,18
subtree_scope,proofs::a_badge_with_no_window_is_never_open,2,13,6,18
subtree_scope,proofs::a_bound_badge_reaches_only_its_own,4,8,4,8
subtree_scope,proofs::a_step_is_one_name,2,8,3,11
subtree_scope,proofs::a_walk_never_widens_follows_or_crosses,3,19,5,22
timetable,proofs::a_fire_is_at_least_one_whole_period_on,7,12,7,12
timetable,proofs::a_fire_is_strictly_in_the_future,9,12,9,12
timetable,proofs::a_range_is_exactly_its_steps,34,89,34,89
timetable,proofs::a_stall_costs_one_fire_and_not_a_backlog,5,12,5,12
timetable,proofs::a_time_of_day_is_strictly_later_and_listed,29,42,29,42
timetable,proofs::a_time_of_day_skips_nothing,32,42,32,42
timetable,proofs::a_zero_period_is_never_due,3,12,3,12
timetable,proofs::an_nth_weekday_is_counted_from_its_month,18,46,18,46
timetable,proofs::nothing_on_the_beat_is_skipped_between_now_and_the_answer,7,12,7,12
timetable,proofs::the_first_and_last_weekdays_are_what_they_say,22,46,22,46
